domain_score,aptitude_score,projects_completed,active_days,registration_month,total_score,cluster
79.29704950869868,89.07806773816822,5,57,6,168.3751172468669,1
90.56158274383236,82.43563470486976,1,17,2,172.99721744870212,1
57.10947735998629,53.53908244883793,2,13,1,110.64855980882422,0
93.09946664326318,68.3272335920412,1,30,5,161.4267002353044,1
38.46386142666323,68.07567902746203,2,11,2,106.53954045412526,0
38.356471506525196,61.31211601908869,1,42,4,99.66858752561389,0
57.009487405071326,72.04556525195885,1,41,2,129.05505265703016,0
51.20923112620365,82.76729185073027,3,53,2,133.97652297693392,0
61.33879289488698,73.16260974345742,2,22,6,134.50140263834442,0
55.9120876886166,86.35075423254942,2,13,5,142.26284192116603,1
59.50239469447922,65.1784596767004,3,25,3,124.68085437117962,0
74.57076652161136,93.89863962645681,1,13,6,168.46940614806817,1
77.3907075716226,54.0066712302442,2,8,6,131.3973788018668,0
70.5309972097628,83.53490791904284,1,32,1,154.06590512880564,1
63.2485112630713,70.53230557018729,4,51,4,133.7808168332586,0
64.07353700209806,69.18251889798456,3,44,3,133.25605590008263,0
52.84621344478428,67.01765658310661,1,51,4,119.8638700278909,0
77.16212409739673,49.75186783467147,3,39,2,126.9139919320682,0
47.095447523652794,75.13980030850286,3,30,3,122.23524783215565,0
69.16065406937288,40.08075015603907,1,17,5,109.24140422541196,0
62.47784272122816,54.48849583417285,2,55,2,116.96633855540101,0
57.06420983980558,78.31267306140231,3,13,3,135.3768829012079,0
58.86076342830344,87.41201725757603,4,3,5,146.27278068587947,1
73.88790423801774,68.13689141410302,2,41,5,142.02479565212076,1
43.255321704522046,82.01958190250272,3,35,4,125.27490360702477,0
58.012916463227555,72.51441076315353,1,2,3,130.5273272263811,0
44.70994571234698,60.52793793136391,0,16,6,105.23788364371089,0
63.75341641056958,70.36037774996899,2,58,6,134.11379416053856,0
44.28433095269338,71.04037239297276,3,52,1,115.32470334566614,0
67.95938398446809,82.84438192275915,4,29,6,150.80376590722724,1
32.409956809789456,90.00668933861364,4,35,5,122.41664614840309,0
56.77569055264099,71.89313727152523,1,39,5,128.66882782416621,0
31.29665999023092,57.616537094866786,4,25,1,88.9131970850977,0
81.45729067630543,79.93875628221548,0,22,1,161.3960469585209,1
91.21044796873338,73.46473603611804,1,8,6,164.67518400485142,1
67.75774317130542,55.913440427092326,0,28,5,123.67118359839775,0
95.86243204567548,77.00253163614265,3,59,2,172.86496368181812,1
64.0900877927807,58.74489308156321,1,53,2,122.8349808743439,0
69.40336898249944,72.42794555707363,2,13,2,141.83131453957307,1
64.44444804427383,71.61155796697352,0,29,2,136.05600601124735,1
100.0,37.547300420766696,0,54,4,137.5473004207667,1
88.13164928851813,58.57697847973317,0,10,6,146.7086277682513,1
49.762672715324044,46.395163556954174,0,56,6,96.15783627227822,0
75.79636913222274,59.004148971118966,0,18,2,134.8005181033417,1
67.90384867051317,54.409403638650105,3,54,5,122.31325230916327,0
80.48819306512486,63.689443889257554,2,15,1,144.17763695438242,1
42.9871210137134,75.49366731910942,2,38,3,118.48078833282281,0
62.985812567205436,82.89181615258674,3,12,3,145.87762871979217,1
56.96054832328928,59.837788406495626,0,20,4,116.79833672978491,0
52.66370101426699,86.51795740023445,1,16,6,139.18165841450144,1
74.04781146623515,65.01743478513674,2,34,2,139.0652462513719,1
72.3180842730661,67.32735159068072,0,19,6,139.64543586374683,1
73.27214412859286,68.95077605467382,1,49,1,142.2229201832667,1
73.33268969513372,56.18615516136557,3,33,4,129.5188448564993,0
70.80212781033804,72.92388668443257,2,21,3,143.7260144947706,1
59.4075027186235,85.26824200128121,2,25,3,144.6757447199047,1
87.70174614863197,51.76784709427789,2,59,4,139.46959324290987,1
41.53637582433423,72.01671767160184,5,21,3,113.55309349593607,0
69.86538922582405,66.0305293080693,3,50,6,135.89591853389334,1
71.86659299227829,69.46128363852955,3,13,4,141.32787663080785,1
68.83075633511476,73.8222520575865,2,49,2,142.65300839270125,1
41.966418151893414,61.40747876468991,2,22,5,103.37389691658333,0
48.40559731382549,77.94462201710168,5,3,6,126.35021933092716,0
67.77110868343587,68.19708413442088,1,28,6,135.96819281785673,1
56.11303611270659,82.32383515983679,1,41,4,138.43687127254339,1
62.36654081751177,73.1448017090407,4,28,1,135.51134252655248,1
61.65196618047792,60.26798963645386,2,34,4,121.91995581693178,0
64.56105779472533,60.34040222976927,0,15,5,124.9014600244946,0
55.249640983896526,47.10397435452031,0,37,3,102.35361533841683,0
73.20678672762816,58.625287392772165,1,45,4,131.8320741204003,0
44.811936147901775,47.91906706593097,2,8,6,92.73100321383274,0
78.7768166591362,67.34184084457452,3,41,2,146.11865750371072,1
50.766252187627444,85.21181813425568,1,16,4,135.97807032188314,0
59.12362776434267,54.19441696064098,4,12,3,113.31804472498365,0
86.79890994981551,87.36766839270167,2,58,6,174.1665783425172,1
46.951987169162834,83.91257251960627,2,8,6,130.8645596887691,0
52.57254462829631,72.55287731029192,5,55,5,125.12542193858823,0
58.83778568068123,71.57278223459018,2,55,4,130.4105679152714,0
33.694594720968965,56.89454559581719,0,14,1,90.58914031678616,0
56.838289968287114,70.40832893286678,0,25,5,127.2466189011539,0
62.730900745197324,71.58313560126348,4,32,4,134.3140363464608,0
78.35574745279679,58.35850887544427,0,7,4,136.71425632824105,1
43.90523804492249,59.659563156924904,3,24,6,103.56480120184739,0
70.50930970102011,79.35218804686399,2,11,4,149.8614977478841,1
88.45120038248163,56.487352469067396,3,21,1,144.93855285154902,1
71.40791542807527,68.3560541266905,1,33,5,139.76396955476577,1
91.08349495696368,77.0339896047134,2,19,3,168.1174845616771,1
40.98644032285227,73.10393377426466,1,55,6,114.09037409711692,0
87.98551587017174,63.54342689811834,1,50,2,151.52894276829008,1
94.80591667549162,51.243588321144955,4,40,1,146.04950499663659,1
83.92882251070988,54.93837553631926,2,49,2,138.86719804702915,1
61.480691450638794,82.64782925419452,2,30,4,144.1285207048333,1
80.77921426584378,53.337489354025465,2,47,5,134.11670361986924,1
56.03734707962538,72.17275291325299,3,13,5,128.21009999287838,0
70.00789949852802,41.356841557651926,0,2,2,111.36474105617995,0
77.30516018918684,75.9227224520115,0,8,1,153.22788264119833,1
65.35854564927433,35.744480045147306,2,1,4,101.10302569442163,0
64.53411600693647,81.93336850610689,0,25,1,146.46748451304336,1
55.89949557852055,77.14589077167109,2,54,2,133.04538635019165,0
59.85211586753884,89.06352313652314,4,51,5,148.91563900406197,1
39.441926197599216,78.17634791890366,1,9,2,117.61827411650287,0
61.94489374734551,61.48670797086944,3,40,3,123.43160171821495,0
57.03543653282053,55.84648402590663,2,35,3,112.88192055872716,0
81.33122929556279,65.33775069780388,3,35,5,146.6689799933667,1
77.81787840599924,67.39442710064557,3,19,2,145.2123055066448,1
54.86437881257582,60.615958089867554,4,45,4,115.48033690244338,0
57.89240979393626,80.33963349397533,1,50,3,138.23204328791158,1
71.32379915921683,48.48272256958508,1,30,2,119.80652172880191,0
62.192836024931765,61.50848926213568,1,24,1,123.70132528706745,0
66.62839558664784,68.21236828279244,1,54,5,134.84076386944028,0
88.59529587822284,72.52802158243733,0,1,4,161.1233174606602,1
56.62547369080954,65.22784367662476,1,31,1,121.8533173674343,0
40.75534087345118,72.27375785465297,4,29,6,113.02909872810415,0
80.58667681130403,85.11079887744158,0,53,5,165.6974756887456,1
69.44863317711143,67.0832656134296,3,20,6,136.53189879054105,1
71.54839706236501,68.86649542669596,1,19,2,140.41489248906097,1
37.984133987708915,63.398616604761536,2,45,6,101.38275059247044,0
67.57759009690297,62.202077374030765,2,21,5,129.77966747093373,0
68.75300309377542,71.91355008164955,2,8,4,140.66655317542495,1
79.63725079017064,76.20335818898045,3,2,6,155.84060897915109,1
54.26360016333872,76.84608650025419,2,38,3,131.10968666359292,0
93.5178602862951,74.06263451543097,1,53,2,167.58049480172608,1
65.38082630813615,93.08134953789944,1,30,5,158.4621758460356,1
45.506281446086035,85.90518530914095,1,2,5,131.41146675522697,0
62.98536887794178,56.16001116153106,3,38,1,119.14538003947284,0
50.39680700443297,92.29242812245279,3,40,6,142.68923512688576,1
76.35183019980472,65.00049633261445,5,14,2,141.35232653241917,1
60.379485737213884,87.41113057935054,1,40,2,147.7906163165644,1
69.86085542332341,46.75896756997042,6,30,6,116.61982299329384,0
36.85170940937189,51.99733766263677,4,14,4,88.84904707200866,0
63.027911064924986,84.99405880847391,1,9,1,148.0219698733989,1
73.596917198618,57.33892758187966,0,20,5,130.93584478049766,0
84.43807672794522,43.379826879387025,1,18,4,127.81790360733224,0
60.25890715959425,73.44347025162051,2,47,6,133.70237741121477,0
75.56759809737085,62.708243855518326,3,15,1,138.27584195288918,1
46.097528522411295,71.79236178725426,0,17,3,117.88989030966556,0
89.18330942383136,95.03256459444536,3,18,6,184.21587401827674,1
80.17194553112535,92.42581408652623,1,55,6,172.59775961765158,1
67.52982007950092,83.24652811979509,2,8,2,150.77634819929602,1
55.63481915430164,69.24832507207319,2,54,3,124.88314422637482,0
70.7948497671734,75.91583750217352,2,56,5,146.71068726934692,1
62.256553383427395,61.517289184151814,2,41,5,123.77384256757921,0
77.44212262897622,75.2172407746827,1,56,6,152.65936340365892,1
64.31731632048137,75.84766284453994,1,13,6,140.1649791650213,1
66.3762872667256,59.192915769567264,2,52,6,125.56920303629286,0
100.0,73.01768330728615,1,57,1,173.01768330728615,1
61.86465114070962,63.65226750323182,2,15,4,125.51691864394144,0
84.7639630341194,71.31290166199564,1,34,2,156.07686469611502,1
48.320494613387545,71.35768548463628,1,3,3,119.67818009802383,0
62.25205071919418,46.37794943874336,0,30,3,108.63000015793753,0
68.49824196895253,51.451242559711204,0,12,2,119.94948452866373,0
63.86073464536216,80.4677845603414,1,14,1,144.32851920570357,1
86.7274884483939,84.30279201296287,0,19,1,171.03028046135677,1
78.70376939349875,63.3334386461576,1,34,5,142.03720803965635,1
51.771880231584234,69.42293791203073,1,48,5,121.19481814361497,0
78.11583771069091,71.47693841987417,1,1,6,149.59277613056508,1
71.85920606922862,64.54246339146769,0,4,2,136.40166946069633,1
61.955290439065145,70.9576178087048,2,35,5,132.91290824776993,0
52.85594720117531,60.20539306549642,3,8,4,113.06134026667173,0
70.85697274893334,43.72093954025736,2,57,6,114.5779122891907,0
71.99537561669501,74.06424781506028,0,31,1,146.0596234317553,1
55.81644898238375,75.67156415012087,0,28,5,131.48801313250462,0
79.2717391558713,90.39323179610452,3,40,5,169.66497095197582,1
52.27357048713778,51.67398572092423,0,5,1,103.94755620806201,0
76.0526584563865,51.8263562898308,1,26,5,127.8790147462173,0
71.62910974354114,75.70201295794458,3,11,6,147.3311227014857,1
67.64662332915837,69.32093813320125,3,27,5,136.96756146235964,1
62.079540558249775,85.06484331351876,2,21,6,147.14438387176853,1
77.67736956776483,68.7128228102687,1,47,4,146.39019237803353,1
46.48476692180117,72.55088836758658,1,32,5,119.03565528938775,0
60.780086643226795,73.85911853607087,1,18,1,134.63920517929768,1
49.36933381635345,81.67721873218086,3,13,2,131.04655254853432,0
52.472856475549655,69.22373673960978,1,5,2,121.69659321515942,0
61.106799836241244,79.08994179204983,1,52,6,140.19674162829108,1
75.6417772570856,61.17635847181657,2,29,2,136.81813572890218,1
50.642736276574354,72.10643475494318,5,5,6,122.74917103151753,0
65.10199766839996,68.99538448180945,1,50,4,134.0973821502094,0
54.87232587538428,84.16769094942573,5,42,4,139.04001682481,1
71.06442132442547,69.86689595261677,3,36,3,140.93131727704224,1
94.64660876773229,73.860142496518,0,3,2,168.50675126425028,1
53.71765391614125,67.45999621682587,0,30,2,121.17765013296713,0
48.9179148202159,48.18424929535414,3,6,1,97.10216411557005,0
72.08609416820566,73.69135201827035,4,23,4,145.77744618647603,1
53.86294121452927,59.004710793235304,3,52,2,112.86765200776458,0
66.84005473992194,54.482301474896225,3,42,6,121.32235621481817,0
88.44333152762297,79.05679957681372,2,15,2,167.5001311044367,1
53.183243721376414,80.08881378555459,4,58,1,133.272057506931,0
67.95973561108393,72.32862332327049,0,56,2,140.28835893435442,1
51.44447208904808,56.75596205763557,3,18,5,108.20043414668365,0
51.63211661877069,74.99735245721743,2,31,4,126.62946907598811,0
66.29215824569562,71.72305523806192,1,33,5,138.01521348375752,1
77.212276431774,82.071094141557,2,30,1,159.283370573331,1
69.52687849729199,65.96494313582714,1,12,6,135.49182163311912,1
66.28839509439996,64.22999452585624,1,20,4,130.5183896202562,0
58.16690710964194,43.23438377050649,0,24,1,101.40129088014842,0
62.19006472390438,60.682010314083996,0,20,1,122.87207503798837,0
63.031145493615426,72.35357750828689,1,25,2,135.38472300190233,1
84.81956048409518,76.99285099808637,1,33,3,161.81241148218155,1
63.17378737425075,82.4605462122318,3,49,4,145.63433358648257,1
62.07637579470978,64.54542737507867,1,41,2,126.62180316978845,0
59.68938933588464,75.05855300243874,2,1,4,134.74794233832338,0
66.39267351711672,84.7600068726298,3,40,2,151.15268038974654,1
89.92205248592028,76.60957086728396,3,30,2,166.53162335320422,1
60.1651929618299,60.970777151763585,3,10,5,121.13597011359349,0
58.46770444145235,78.65775188508812,1,29,5,137.12545632654047,1
75.24993489216604,94.18330132552768,2,17,3,169.43323621769372,1
26.564995118070343,84.33715434252325,2,43,2,110.90214946059359,0
56.16699759891956,69.43155156946676,2,21,2,125.59854916838631,0
75.87643680271995,88.36234238636021,2,3,6,164.23877918908016,1
56.7221278116133,88.19672866304288,0,53,2,144.91885647465617,1
53.79182481278265,66.00567514740986,3,59,6,119.79749996019251,0
52.5861466902692,46.586777631536506,2,45,1,99.17292432180571,0
55.8711541514045,92.19234569663658,2,4,3,148.0634998480411,1
81.20072098571973,78.87583782069606,3,39,5,160.0765588064158,1
72.03161384112536,45.400704657070264,4,25,5,117.43231849819563,0
59.19304025315728,76.63778987655051,1,16,2,135.8308301297078,1
79.94855765869171,53.7167731636051,4,54,3,133.66533082229682,1
72.70400159854574,65.88940958970682,3,11,4,138.59341118825256,1
51.136502835975435,68.0545122942417,1,33,2,119.19101513021714,0
75.62321634884836,80.96525945662702,2,17,2,156.58847580547538,1
66.58841679672851,61.42383187611482,0,46,1,128.01224867284333,0
83.25737781238244,52.398577712611875,2,54,5,135.6559555249943,1
91.92817033868484,75.0422985147399,0,13,1,166.97046885342473,1
54.07995588156298,76.95828742354159,2,48,5,131.03824330510457,0
70.10883824600745,76.57983553065398,0,11,3,146.68867377666143,1
55.21866667110409,73.73983427205734,2,19,6,128.95850094316143,0
79.11965871151224,74.05549033878542,0,2,6,153.17514905029765,1
43.13672750802604,88.04103794114799,3,15,4,131.17776544917405,0
62.163194138344494,87.14629249376281,2,6,5,149.3094866321073,1
59.702505607839676,65.50213532053833,2,7,3,125.20464092837801,0
81.88152176622154,70.00819382748979,0,20,2,151.88971559371134,1
69.28331112286486,92.76746433727735,1,44,3,162.0507754601422,1
83.8572382529386,80.51403000629479,1,32,4,164.37126825923337,1
76.85938398744153,60.061644724417185,4,38,4,136.92102871185872,1
70.24700036851861,58.31053784540358,3,36,6,128.5575382139222,0
79.47277449646187,95.98067281367923,4,39,6,175.4534473101411,1
58.52569530922928,76.18753706132748,1,26,3,134.71323237055674,0
58.87848741259669,62.4054367013825,1,38,1,121.2839241139792,0
66.85321543933374,48.35364648925162,3,36,6,115.20686192858535,0
51.09952536729034,67.49838147351511,4,24,1,118.59790684080545,0
64.22909414617271,65.0366120124443,2,7,6,129.265706158617,0
69.94263103359513,74.18314143833176,3,46,1,144.1257724719269,1
73.20100352302069,65.00839686463169,3,4,5,138.20940038765238,1
58.03074054052411,55.63853624288426,1,29,5,113.66927678340836,0
50.77477993663699,47.963682594755234,5,7,6,98.73846253139223,0
64.58727642424046,77.32259403507067,1,59,3,141.90987045931112,1
68.25163345643944,62.15321934009308,0,50,2,130.4048527965325,0
70.74483477111393,77.02359323819606,0,58,1,147.76842800930999,1
83.26938728458337,74.85055438332799,1,53,1,158.11994166791135,1
66.15277824438152,59.151180523167994,3,33,6,125.30395876754952,0
39.74842711668575,76.07158664147039,1,6,5,115.82001375815614,0
62.78596120551997,58.21247158894384,0,14,2,120.99843279446381,0
40.062620179464886,93.43910965031881,2,50,4,133.5017298297837,0
98.281703501722,45.239162170246544,3,14,2,143.52086567196855,1
52.441063534254496,51.01387883984647,1,36,2,103.45494237410097,0
48.04076997593711,68.89952771025848,2,58,2,116.94029768619559,0
50.02421841217563,83.90888877947077,1,34,2,133.9331071916464,0
78.55902261629294,75.03531966428942,2,16,5,153.59434228058234,1
71.94809438148684,64.80671339693933,5,16,1,136.75480777842617,1
57.138674030981115,80.55300449364884,2,54,5,137.69167852462996,1
61.45167069171581,54.00245974266632,2,44,5,115.45413043438214,0
64.34784575279207,50.66119169076607,3,26,5,115.00903744355813,0
71.93091339877844,63.393376819498144,2,15,5,135.3242902182766,1
85.82506667312671,52.80794452312416,2,21,3,138.6330111962509,1
59.97837001840189,70.49590758724742,1,39,6,130.47427760564932,0
49.512141447086904,80.69564424243707,4,23,6,130.20778568952397,0
64.71109430398408,46.26129700750228,0,38,1,110.97239131148636,0
66.43016299161962,91.76089238218508,1,38,6,158.19105537380472,1
77.71132515725633,88.2788634605471,2,13,2,165.99018861780343,1
63.83244204480797,55.486276774974336,3,45,3,119.3187188197823,0
65.23427500924404,63.8226079010231,1,11,4,129.05688291026715,0
68.37027088627829,50.14135076526045,1,4,5,118.51162165153875,0
61.83304641758458,83.46229427476565,1,11,2,145.29534069235024,1
62.447230662126074,76.6786374944051,2,6,6,139.12586815653117,1
89.23374235322348,84.28658313212316,2,31,5,173.52032548534663,1
51.133010178056686,56.155692623921695,2,2,2,107.28870280197839,0
65.3369883921807,92.77320420095172,3,23,2,158.1101925931324,1
75.44581171185072,75.83243547301164,2,5,5,151.27824718486238,1
75.39377934547417,57.40413401308071,3,5,3,132.79791335855487,0
64.26654224788842,84.6433947570126,2,32,2,148.90993700490102,1
93.26879458901914,72.28508667910069,0,38,1,165.55388126811982,1
71.31459416584084,61.48253209319758,0,47,5,132.7971262590384,0
68.58870296166724,75.01846907065567,1,29,2,143.60717203232292,1
89.64009429883944,60.509207419989366,1,50,6,150.1493017188288,1
46.243883990454236,52.76908571357767,3,24,4,99.0129697040319,0
54.94069686385033,68.01242307618841,0,52,6,122.95311994003873,0
75.19059924434755,48.026261459939796,0,55,5,123.21686070428734,0
67.84372424898115,72.74795670951208,1,1,1,140.5916809584932,1
63.18577777088328,85.16448013185602,2,46,6,148.35025790273932,1
74.77282987009258,83.75236172970477,1,6,6,158.52519159979735,1
76.11236518130188,78.31426906981373,4,39,5,154.42663425111562,1
53.40683498264586,83.84308411980311,1,6,4,137.24991910244898,1
59.24043092071473,55.39260769335425,3,35,4,114.63303861406898,0
37.0019507439041,53.234581778644106,2,20,5,90.2365325225482,0
77.12086697421718,84.99542686356,0,22,3,162.11629383777716,1
73.37209271777759,78.38426576220452,2,42,5,151.7563584799821,1
72.10448115217181,80.34668214264373,1,14,5,152.45116329481556,1
78.11775611198783,95.11837518651933,0,23,4,173.23613129850716,1
61.34924030937473,75.67645938592258,1,3,3,137.0256996952973,1
65.36329185009137,80.16124930259792,1,49,6,145.5245411526893,1
100.0,89.13330870099037,3,45,5,189.13330870099037,1
78.73085413340243,67.63693830403733,1,51,5,146.36779243743976,1
55.73522156848475,54.759266935455614,3,28,3,110.49448850394036,0
78.98287346390578,56.11460057544075,1,1,3,135.09747403934654,1
75.20324158175674,72.70913827734105,0,48,5,147.9123798590978,1
75.34561707867792,41.316347590366746,0,4,3,116.66196466904466,0
64.79243380858644,49.72980354439286,1,55,3,114.52223735297929,0
69.07242966238472,68.89786282798053,2,41,2,137.97029249036524,1
54.212700211363696,58.21235703547222,3,32,5,112.42505724683592,0
76.52310824947605,73.89208252017842,2,55,1,150.4151907696545,1
67.40027338779181,56.8315801723472,1,10,1,124.23185356013902,0
55.66025957398322,80.57689034708285,0,46,4,136.23714992106608,1
78.42557471114173,69.9962359286587,0,21,3,148.42181063980044,1
81.90057705241375,72.13300127521637,4,34,4,154.03357832763012,1
73.02226004518866,61.93017284792397,1,9,1,134.95243289311264,1
90.98772499227638,61.90079177451337,1,23,4,152.88851676678976,1
74.52082202842655,72.66747826961024,2,11,4,147.18830029803678,1
76.75085763923893,73.79629985843374,1,4,3,150.54715749767269,1
51.6876173329685,76.52175254404112,3,11,5,128.20936987700964,0
69.33040443919785,75.49801737746438,4,39,2,144.82842181666223,1
53.82646032790326,65.71992238984154,2,23,1,119.5463827177448,0
79.78594993519795,61.45391362988748,3,45,2,141.23986356508544,1
51.95505378087958,94.59774514943112,2,42,5,146.5527989303107,1
60.38057705541439,70.61437482257303,2,14,4,130.99495187798743,0
62.553995540843545,67.80219434736047,2,30,2,130.35618988820403,0
76.6949079840401,91.68635972365462,2,11,6,168.38126770769472,1
75.45431606766104,75.8971534326424,2,22,4,151.35146950030344,1
63.77715990347531,63.36494995159238,1,44,1,127.14210985506769,0
40.5429013442729,87.96052488935177,0,37,3,128.50342623362468,0
62.93827228058462,59.42717996006449,4,24,2,122.36545224064912,0
71.49439738041045,65.01879653243957,2,3,2,136.51319391285,1
68.6592979686275,69.57990867992517,1,47,1,138.23920664855268,1
53.46286475319053,90.54448340821472,3,47,5,144.00734816140525,1
67.28532308050583,57.071487076182905,2,14,5,124.35681015668874,0
36.204902657035156,60.70462035977702,2,57,2,96.90952301681217,0
36.59577999569321,63.978589686261614,1,2,4,100.57436968195483,0
55.882670193583515,61.664795570042266,1,22,2,117.54746576362578,0
78.78843401862805,75.89449198494395,0,43,5,154.682926003572,1
57.37789703529034,61.65166147363523,1,20,5,119.02955850892556,0
60.97204028141252,65.66244679967217,1,47,1,126.63448708108469,0
83.43470753733592,72.67925003104313,3,25,5,156.11395756837905,1
40.885084593229124,70.87836389202033,2,26,6,111.76344848524946,0
53.11370118500058,70.5426725079998,0,14,1,123.65637369300038,0
65.21409601754651,64.50581936581013,4,46,6,129.71991538335664,0
59.760248058227035,45.69030552266348,4,17,4,105.45055358089051,0
70.21514725307505,82.02189824418325,3,59,4,152.2370454972583,1
49.77358712258197,54.90558212909335,1,4,4,104.67916925167532,0
62.61432184399923,66.19179409308958,1,41,1,128.8061159370888,0
55.561049094608165,65.53770541265601,3,27,6,121.09875450726418,0
53.24351501620406,66.64008037750624,2,44,2,119.8835953937103,0
57.667258673205886,63.88231968170941,2,56,2,121.5495783549153,0
75.2307809856893,63.032220369352586,2,8,3,138.26300135504187,1
50.38206042994038,75.4147038318221,1,29,1,125.79676426176248,0
28.636396095905873,68.87935769320062,0,5,6,97.5157537891065,0
73.76619470708727,76.25535886016577,3,9,4,150.02155356725302,1
71.10578430686803,86.63619276715411,3,39,4,157.74197707402215,1
25.463783914746834,87.54635126461164,1,15,2,113.01013517935849,0
71.87580055327226,63.447498414199345,4,59,4,135.3232989674716,1
60.59049578503726,67.56970927522204,2,36,5,128.1602050602593,0
47.73478874570739,96.35467770583358,4,17,6,144.08946645154097,1
68.98817344478073,68.10215386753215,3,15,2,137.09032731231287,1
74.33310716065102,97.64366502525746,2,6,6,171.9767721859085,1
76.14023627539584,92.6852882218694,2,22,3,168.82552449726523,1
61.377538311938316,58.40094530817622,2,32,5,119.77848362011454,0
70.45447823937452,46.372922291007,2,5,2,116.82740053038152,0
69.50711539416243,77.24945067506222,0,35,4,146.75656606922465,1
78.53415760679971,72.92236245023614,2,50,6,151.45652005703585,1
52.54333390165152,70.09456221633674,1,48,3,122.63789611798826,0
45.10928470876942,72.9160566646528,4,10,3,118.02534137342222,0
64.60391364561609,83.2708050922877,0,50,3,147.87471873790378,1
52.632287577084895,84.2631618770441,2,1,6,136.895449454129,0
60.56897884791456,50.424690214468654,1,41,1,110.99366906238322,0
59.97293328242822,87.22104879066683,0,41,1,147.19398207309504,1
69.30686247802737,76.88885465072802,2,46,1,146.1957171287554,1
100.0,53.52568658222724,1,23,5,153.52568658222725,1
59.45584495934549,56.30789788296714,0,29,3,115.76374284231264,0
59.193504462883986,75.85072356504062,1,42,1,135.04422802792462,1
61.00021506148378,73.17730373173576,1,9,4,134.17751879321955,0
87.78925885462652,83.53336300760678,2,56,4,171.3226218622333,1
70.84421266056356,72.33810808324165,1,35,6,143.1823207438052,1
76.16287957249905,50.3436513107678,0,19,3,126.50653088326685,0
77.73653166114715,75.77089711298675,2,56,4,153.5074287741339,1
67.20189517978324,75.39368695398768,2,30,5,142.5955821337709,1
59.442378521149564,74.66050875076202,4,25,3,134.10288727191158,0
86.29404506770456,75.96248308609117,0,49,6,162.25652815379573,1
64.35764928032637,68.6382322494143,2,10,2,132.99588152974067,0
71.29298665860541,59.84420827041117,3,24,5,131.13719492901657,0
59.22467282430705,71.7500376425846,1,35,5,130.97471046689165,0
77.93590208574138,69.22979006453417,0,58,3,147.16569215027556,1
57.758847167269515,61.24477036231109,1,25,2,119.0036175295806,0
71.14644193939246,73.69211984081336,3,32,5,144.83856178020582,1
59.72118023275236,72.43883145503237,1,57,6,132.16001168778473,0
52.95231573979483,72.45266837923572,4,24,3,125.40498411903054,0
55.25352159727599,51.85739896524144,2,37,2,107.11092056251744,0
73.95842327380078,66.7762509602831,0,51,2,140.73467423408385,1
58.73949779592373,60.28743014700695,1,50,2,119.02692794293068,0
83.56157202026209,56.816554897866254,2,20,1,140.37812691812834,1
52.058363539353195,64.4447258556969,0,21,3,116.5030893950501,0
63.5680362936639,54.31156261322843,2,52,6,117.87959890689234,0
30.557285702941428,55.32525976533323,3,2,5,85.88254546827466,0
54.64188421525611,54.65163116536256,5,27,6,109.29351538061867,0
52.72701674866539,65.03673359894027,3,3,1,117.76375034760567,0
43.4258303252395,62.65399699414215,0,32,3,106.07982731938165,0
81.44703850716326,85.73400997363149,3,2,4,167.18104848079474,1
67.84559251415594,80.46636400087573,3,34,3,148.31195651503168,1
67.65231308209097,68.43927647735656,1,9,5,136.09158955944753,1
90.49936061864571,68.67024927665095,4,32,1,159.16960989529667,1
65.89898945399493,76.03293768988978,2,6,1,141.9319271438847,1
55.09518290789829,66.27630753538115,1,45,1,121.37149044327944,0
53.987393018322564,67.08761502609661,0,21,6,121.07500804441918,0
75.4021836787099,68.20071137105069,2,22,5,143.6028950497606,1
66.13932901874131,61.220419133097664,5,3,6,127.35974815183897,0
61.03227738034084,60.45331518470941,1,25,5,121.48559256505024,0
60.81555604502287,45.06625816172564,1,8,5,105.88181420674852,0
75.73071973161866,51.48638181748425,2,50,1,127.21710154910292,0
83.31550543288029,84.40314099686594,4,18,2,167.71864642974623,1
65.87034102212593,72.65870168349053,2,25,1,138.52904270561646,1
71.9493279517716,80.70481119678064,1,42,5,152.65413914855225,1
48.72274210163303,53.59769964063008,1,51,2,102.32044174226311,0
68.37961883061412,70.72103193538196,4,36,6,139.10065076599608,1
63.451673706012556,84.33510664616477,0,43,6,147.78678035217735,1
74.23656724656712,60.01654099006659,2,15,1,134.2531082366337,1
51.05733709711385,76.99085582570567,1,22,3,128.0481929228195,0
88.31240631072161,87.43930571251053,2,52,2,175.75171202323213,1
71.66904002330212,73.24068830069706,3,58,4,144.90972832399916,1
50.19230709273224,97.84048866420711,4,45,6,148.03279575693935,1
65.51228626232037,60.88356259023655,1,21,6,126.39584885255692,0
70.3342002317849,86.22643214640573,3,45,2,156.56063237819063,1
65.4919549311738,69.2310668302154,4,35,5,134.7230217613892,0
76.85557844077567,89.72053786965441,1,3,4,166.57611631043008,1
78.45599295330697,67.59576906647004,1,35,5,146.05176201977702,1
61.627160272878825,51.4124736993583,1,38,1,113.03963397223713,0
81.2867948740902,54.54030859043755,1,41,1,135.82710346452774,1
63.118186099956496,69.05119189762533,1,30,2,132.16937799758182,0
52.50415914498862,78.78346603011815,0,7,3,131.28762517510677,0
90.79066859310944,89.68737476185945,0,29,3,180.4780433549689,1
49.96718816327791,74.74983737315108,2,57,6,124.71702553642899,0
81.89075376158252,65.34760100309727,0,33,6,147.2383547646798,1
60.688287208994666,82.96067270967173,2,18,3,143.64895991866638,1
80.44941226371742,87.93925872943883,0,12,3,168.38867099315627,1
66.25739941894041,81.49349937367487,1,45,3,147.75089879261526,1
51.9930467643365,51.18568689561453,0,1,1,103.17873365995104,0
31.822071330057398,77.237136219386,1,25,1,109.0592075494434,0
74.10275889823507,66.88239831078985,1,38,3,140.98515720902492,1
100.0,56.77276311452974,3,23,1,156.77276311452974,1
77.44598626818762,53.11821988602954,3,35,3,130.56420615421717,0
76.40083945534404,80.51746774603522,2,20,4,156.91830720137926,1
55.37777607165572,58.9052306274628,1,18,6,114.28300669911852,0
70.54463288297141,68.81385758512833,5,41,2,139.35849046809975,1
41.23796085491765,82.7364515784776,1,11,1,123.97441243339526,0
51.257121267781365,76.18353185949361,3,32,4,127.44065312727497,0
81.22650091509243,83.16760225052451,1,21,6,164.39410316561694,1
63.35585294111254,69.09201274809004,3,7,5,132.4478656892026,0
69.74233935774167,74.3137095705655,0,27,2,144.05604892830718,1
89.3701768770434,76.8686837341081,1,36,3,166.2388606111515,1
64.63706590413626,76.26571055120723,0,59,1,140.90277645534348,1
58.00945247197637,70.70781065907516,3,37,6,128.71726313105154,0
49.58487288611063,89.54162265726785,5,50,2,139.1264955433785,1
59.45709606749962,74.6597440650814,0,3,5,134.11684013258102,0
70.64614289146274,60.112774156336,2,14,6,130.75891704779875,0
85.93525716184934,57.71165690936344,1,59,5,143.6469140712128,1
63.67455561191997,93.6705061214777,1,11,5,157.34506173339767,1
76.25868751282648,80.16258524661896,2,46,6,156.42127275944546,1
25.936792150592986,73.32830154357612,2,37,4,99.26509369416911,0
71.12910961552652,62.84045129665924,2,17,1,133.96956091218576,1
47.451247464345684,58.44720921658465,3,56,1,105.89845668093034,0
85.61657139756227,94.63566429401996,2,58,4,180.25223569158223,1
86.96265858128656,65.6426000661332,3,16,6,152.60525864741976,1
83.93876155140774,98.94012010694105,1,54,3,182.8788816583488,1
62.03992369539011,65.05811957243611,1,51,1,127.09804326782623,0
70.27172311312374,76.13799490434234,1,26,2,146.40971801746608,1
60.214190965000725,90.11671632649843,3,48,3,150.33090729149916,1
100.0,65.48439130090004,3,20,3,165.48439130090003,1
69.30993356604515,81.3134621696809,2,21,4,150.62339573572604,1
89.25818862452937,58.058218217759446,3,26,5,147.3164068422888,1
72.66188132791392,71.03333041910774,7,15,3,143.69521174702166,1
50.673161309759706,81.41859724688851,1,32,6,132.09175855664822,0
72.52674104251318,52.27690086961718,2,25,3,124.80364191213036,0
67.76826954795555,67.45349236118618,3,46,1,135.22176190914172,1
54.579303033664125,73.97021565538694,4,10,6,128.54951868905107,0
50.02909059028381,50.79674674595548,4,28,2,100.82583733623929,0
82.09817841693568,73.75821368637976,2,15,5,155.85639210331544,1
80.01569138850712,47.705182583220555,0,58,2,127.72087397172768,0
63.89078651587411,72.80617630947518,1,29,1,136.6969628253493,1
83.05826655753225,62.340607281658066,4,6,4,145.39887383919032,1
93.06447763057673,75.52325949978764,0,6,4,168.58773713036436,1
53.22857137808445,38.43123835805124,0,10,2,91.65980973613568,0
80.6763271112713,62.484216685803915,1,39,3,143.1605437970752,1
49.63719763506192,64.58609369909202,0,35,1,114.22329133415394,0
95.09139332238684,70.92976622222635,5,43,2,166.02115954461317,1
64.94938313883571,92.65225188808228,2,56,3,157.601635026918,1
65.05063259895742,75.38362917417433,2,22,1,140.43426177313177,1
19.707317662687622,63.01861559929535,3,57,4,82.72593326198297,0
73.98191584342865,89.55570557335358,3,34,2,163.53762141678223,1
64.52841244437835,84.47929785836698,0,17,2,149.00771030274532,1
90.27521418062764,86.26687522852419,2,52,5,176.54208940915183,1
56.7566429613713,72.9145841578033,2,57,5,129.6712271191746,0
69.97970495853522,50.12052150786671,2,15,4,120.10022646640193,0
73.29876829977175,71.01001876222836,2,9,6,144.3087870620001,1
65.65272002965199,62.9212921869327,1,21,4,128.5740122165847,0
48.92214150439767,82.08560003767792,0,33,6,131.0077415420756,0
75.97806056432444,62.981108158986764,2,35,1,138.9591687233112,1
75.07010114675698,74.05628177322049,1,36,4,149.12638291997746,1
51.163847232522464,79.31233496612171,2,22,4,130.47618219864418,0
78.45258973798298,57.822886081769774,1,46,5,136.27547581975276,1
70.07725765192536,57.53747414987233,1,10,4,127.61473180179769,0
60.452303257485866,92.93702904567668,1,56,4,153.38933230316255,1
95.35409328844459,84.30048996528478,3,2,4,179.65458325372936,1
66.22993334620341,47.319877945804684,1,34,6,113.54981129200809,0
75.09291853950229,67.16836015346834,1,50,6,142.26127869297062,1
41.07945399099807,75.36247000963237,2,34,1,116.44192400063045,0
74.99468751363818,45.0929438910576,2,47,5,120.08763140469578,0
85.12213873296321,75.03646730028719,4,53,5,160.1586060332504,1
72.22799092577738,70.27157023212243,2,56,5,142.4995611578998,1
79.78174528422828,64.20606891031699,3,51,2,143.98781419454525,1
85.60487817744436,71.77707303757931,1,25,5,157.38195121502366,1
66.00486075837308,91.0591968597669,2,6,2,157.06405761814,1
47.091124904014166,67.33030123866081,2,54,3,114.42142614267497,0
96.49582683749773,67.8226111690298,1,58,5,164.31843800652751,1
60.56779522956259,65.14723092179247,2,58,2,125.71502615135506,0
44.33573748868644,78.408407345447,4,52,3,122.74414483413344,0
77.72646323307927,84.81702296853754,4,2,5,162.54348620161682,1
31.71049440878697,78.35401596591147,1,6,6,110.06451037469844,0
60.57365128643141,81.4804382366279,1,45,5,142.0540895230593,1
55.89702233214237,61.99781539658124,4,32,1,117.89483772872362,0
100.0,81.18921845145601,1,11,6,181.18921845145601,1
95.92255364954596,73.09303048171301,5,34,4,169.01558413125898,1
73.92544198753347,76.1033004788013,5,51,4,150.0287424663348,1
69.84751571277172,75.44210455065361,0,4,5,145.28962026342532,1
42.4554450740727,80.66844546735871,0,37,4,123.12389054143141,0
68.9042075987433,67.64463218334475,0,55,4,136.54883978208807,1
71.71575388715416,39.61304697736378,3,14,4,111.32880086451794,0
58.24980713006279,76.49090222273188,0,44,2,134.74070935279468,0
56.775968076123846,45.56535396572876,4,40,6,102.3413220418526,0
72.47332622745178,74.48018271653677,0,8,1,146.95350894398854,1
56.452506076418615,59.44860661105614,3,8,4,115.90111268747475,0
47.93471494362775,60.67154218184912,1,25,2,108.60625712547687,0
66.69905615806647,64.19726219384155,0,10,1,130.896318351908,0
52.71113210417754,69.61263266740636,0,43,6,122.3237647715839,0
64.04713138076967,65.35165642536626,0,14,2,129.39878780613594,0
46.83242106078828,79.51810825862412,2,35,3,126.3505293194124,0
76.83585031063278,68.35226841053344,2,4,3,145.18811872116623,1
64.9160597175643,61.9586175945492,1,7,1,126.8746773121135,0
81.60621003930459,84.20192400267914,3,4,5,165.80813404198372,1
64.65697906551677,48.978054318979375,4,20,6,113.63503338449614,0
75.05720925861819,58.31945394367558,4,5,4,133.37666320229377,0
84.22465692505654,71.92587548768176,2,40,1,156.1505324127383,1
78.82475167886689,52.31041441549473,1,28,3,131.13516609436164,0
33.04150280289199,79.83910303162281,4,30,4,112.8806058345148,0
57.41379943607095,80.1372925093804,5,35,2,137.55109194545136,1
73.90335083421293,68.90320530989062,4,58,2,142.80655614410355,1
38.356304998003225,50.825534386061946,2,15,5,89.18183938406517,0
80.26492200265254,52.01180847449918,1,39,5,132.27673047715172,0
65.76331552784028,67.80917230744551,0,47,3,133.57248783528578,0
84.75672601009798,62.72195934141112,1,30,5,147.4786853515091,1
68.22069774755789,59.868111553803146,3,31,2,128.08880930136104,0
61.8782471409119,91.55632987512357,5,28,5,153.43457701603546,1
62.558106408915584,71.33647122208063,3,50,3,133.89457763099622,0
56.25862013582627,70.61993172221295,2,47,5,126.87855185803923,0
61.86167189383208,58.4255464610777,3,9,4,120.28721835490978,0
43.23236464922662,85.03411161312981,4,26,3,128.26647626235643,0
49.854039429350934,85.35357917989302,2,28,3,135.20761860924395,0
57.69195618207609,60.65088712747959,3,8,1,118.34284330955569,0
48.6209914940703,76.31844020406768,2,9,3,124.93943169813798,0
55.741202201796156,68.51525264470196,2,7,2,124.25645484649812,0
77.17094831737388,77.03085041397578,1,7,6,154.20179873134967,1
75.22039265664422,84.34576780990575,1,15,2,159.56616046654997,1
58.5604666322411,70.95517434851244,2,44,2,129.51564098075355,0
51.237457684786044,59.86070273687804,0,54,4,111.09816042166409,0
66.01783265791104,70.8721662919521,4,36,4,136.88999894986313,1
69.48129362548529,67.66877041625777,0,51,1,137.15006404174306,1
95.93787378864718,75.68166278842274,1,46,2,171.61953657706994,1
71.14727985392769,58.57220343113444,2,23,5,129.71948328506213,0
60.030374252250155,70.21620246453335,2,23,6,130.24657671678352,0
55.310537313131974,89.79377073188705,2,43,6,145.10430804501902,1
48.712623066722216,75.65850856501847,3,43,3,124.37113163174068,0
96.3430808254216,70.87448917618619,1,41,1,167.21757000160778,1
79.2968756806413,57.87282136085304,4,54,6,137.16969704149435,1
60.726867599454934,68.78463137558161,2,19,3,129.51149897503655,0
48.04895991439463,65.38068533907902,3,23,4,113.42964525347365,0
62.29280129614062,74.6677447522262,3,58,5,136.9605460483668,1
48.497686505424575,55.791633301329284,2,44,1,104.28931980675387,0
46.31423935330423,69.73239659538336,1,21,4,116.0466359486876,0
58.60463605691685,82.58448551699877,3,23,2,141.18912157391563,1
49.559427377268925,64.57660753705747,1,24,2,114.13603491432639,0
50.95240437815606,41.54008766969329,0,22,2,92.49249204784935,0
43.64064271324783,99.8222790001467,3,13,5,143.4629217133945,1
60.23427354865649,44.96226809954698,1,47,6,105.19654164820346,0
80.36093788717193,74.01011700693877,4,26,3,154.3710548941107,1
46.41112407719791,43.39817392775123,2,39,1,89.80929800494914,0
72.49796185610558,79.5741253587492,2,45,4,152.07208721485478,1
39.3896306361058,89.84340722190743,3,50,2,129.23303785801323,0
92.48835565218803,65.08829831085134,1,5,1,157.57665396303938,1
81.64549762934334,85.34638975976071,1,58,1,166.99188738910405,1
66.05078244669772,49.97680889346166,3,6,6,116.02759134015938,0
63.433261721937924,70.149991862887,3,59,3,133.58325358482494,0
67.72139930170957,77.26727479157576,2,45,3,144.98867409328534,1
87.15401639177412,93.38011173747776,4,58,6,180.53412812925188,1
70.3768042731443,69.26709194377149,1,22,2,139.64389621691578,1
69.2024173822941,63.23263014330108,2,12,1,132.43504752559517,0
58.2012738646548,84.87500807729873,3,29,5,143.07628194195354,1
82.88761268716962,70.21135902320388,1,23,1,153.09897171037352,1
60.70993667179834,86.61438457112688,2,32,1,147.3243212429252,1
57.691571538296714,64.02914993937752,4,43,6,121.72072147767423,0
61.64801026442222,64.98508545080931,4,3,6,126.63309571523152,0
83.67019371105181,62.441385371634276,4,5,6,146.1115790826861,1
50.42514898188071,66.37383295620855,3,42,5,116.79898193808926,0
66.5278444289298,65.93053264875954,4,8,5,132.45837707768933,0
44.92091300415127,76.81723846154375,2,36,1,121.73815146569501,0
53.45005900703814,64.50840100794862,1,23,6,117.95846001498677,0
81.71482542003308,79.16835737887432,1,16,5,160.8831827989074,1
58.45421164210147,69.11232563686747,1,59,5,127.56653727896894,0
84.12312561918083,72.78210510561817,2,41,5,156.905230724799,1
88.67177086343277,71.22981570589849,3,15,6,159.90158656933124,1
88.70811029852561,84.31282198499697,1,46,2,173.0209322835226,1
83.179159780796,65.6139287561768,4,10,2,148.7930885369728,1
71.86529879080328,72.3750000081049,2,51,1,144.24029879890819,1
78.89323103362389,80.84821065713578,1,49,5,159.74144169075967,1
68.3485837119374,55.940147832189254,3,4,6,124.28873154412665,0
88.97970755757075,87.86935729993948,2,4,5,176.84906485751023,1
63.19428254069603,55.863509591483435,1,17,2,119.05779213217946,0
24.451515605011444,77.23897000685673,5,38,5,101.69048561186818,0
51.57395236585093,75.75792442440199,1,46,3,127.33187679025292,0
87.66732395371021,73.94928134452155,1,29,3,161.61660529823178,1
85.88697950096493,70.9429243566298,2,26,3,156.82990385759473,1
82.22668563795132,89.86488535705953,3,42,3,172.09157099501084,1
68.9523082299659,80.96168478420888,3,49,1,149.91399301417476,1
56.79979873119102,90.02883430991596,5,14,1,146.82863304110697,1
53.625768966686145,87.09394985496337,2,50,4,140.7197188216495,1
65.31967473007913,83.64777450837676,2,54,1,148.96744923845588,1
61.48388299525517,75.13823497372691,3,5,6,136.62211796898208,1
60.081579252306234,56.661037005837386,0,12,1,116.74261625814361,0
69.79477738878465,85.64209518321711,2,46,4,155.43687257200176,1
83.12549345889714,55.09887309422051,1,57,2,138.22436655311765,1
67.69372672909397,75.24775824446753,0,15,5,142.9414849735615,1
89.91888821821806,62.96162476523277,4,29,2,152.88051298345084,1
38.473409516557226,62.101019051993816,3,9,2,100.57442856855104,0
51.51823927515308,43.87521944268575,2,48,5,95.39345871783883,0
66.34371021882873,53.95929473348883,0,49,5,120.30300495231756,0
45.55825003625158,72.22826296502487,2,43,5,117.78651300127645,0
62.93942317400905,60.91883227580888,2,28,1,123.85825544981793,0
60.189985616642126,58.07364790198176,3,49,1,118.26363351862389,0
71.36091566696135,70.93771675563578,2,8,2,142.2986324225971,1
70.58158208910294,77.60393229728871,1,9,4,148.18551438639165,1
61.1573037125693,62.81874903302744,2,5,5,123.97605274559675,0
85.10691577685522,66.1356621460953,0,25,2,151.24257792295052,1
52.28549107071373,74.57571534717742,2,5,6,126.86120641789115,0
70.83738793501894,61.6216039046674,1,15,2,132.45899183968635,0
77.79160512683329,65.06208226525384,1,2,1,142.85368739208712,1
49.90186152080538,85.94368993897878,2,28,3,135.84555145978416,0
51.66138757657514,72.72021098193517,2,44,5,124.3815985585103,0
70.6565059085328,68.66189407428467,2,54,6,139.31839998281748,1
68.10900994098417,75.15208987362081,1,32,6,143.26109981460496,1
94.31236150625429,41.296525548243714,3,17,5,135.608887054498,1
55.25940442517861,62.53558233334742,5,25,3,117.79498675852602,0
73.8282990465608,68.17942679707325,3,13,1,142.00772584363403,1
69.4133619352024,76.45155883539856,3,2,5,145.86492077060097,1
60.9251733451092,58.68930393049749,5,13,6,119.61447727560669,0
79.81001774883653,82.35348977918028,3,16,3,162.1635075280168,1
61.48970211339528,68.29424155671344,2,19,6,129.78394367010873,0
53.05961214794766,58.65391744068722,2,57,5,111.71352958863488,0
76.3688277488543,40.02326779008473,3,43,6,116.39209553893903,0
68.59106750803066,67.125976935739,2,54,4,135.71704444376968,1
59.449834551768085,53.368144691212024,1,20,5,112.8179792429801,0
74.33104985459073,33.90841192367491,1,38,4,108.23946177826565,0
90.4257656064613,59.524466914555596,1,27,1,149.9502325210169,1
66.13150458352389,59.144627500074805,0,27,2,125.2761320835987,0
73.41379171911858,97.25739694507355,2,6,1,170.67118866419213,1
58.94527305137005,75.3160255653685,2,2,2,134.26129861673854,0
68.46051358578025,60.09215580637429,1,18,5,128.55266939215454,0
87.09006013626473,78.35036606912543,4,43,4,165.44042620539017,1
68.93841993502888,68.64246336981111,3,57,1,137.58088330483997,1
74.25508924365046,75.92385817171781,2,26,5,150.17894741536827,1
53.550708437321276,73.73331989371835,3,2,5,127.28402833103962,0
63.99232564925967,96.20916080056547,4,8,2,160.20148644982515,1
55.44038379456808,49.0933396883767,3,40,3,104.53372348294478,0
48.9088546139029,75.11012390355795,2,8,3,124.01897851746085,0
50.01046651557634,65.32091552128665,2,32,6,115.33138203686299,0
61.542130622296234,66.11118189749236,2,16,2,127.65331251978859,0
65.57356992440043,76.86407533960568,1,24,5,142.4376452640061,1
60.05828320479363,59.84368336135633,4,52,5,119.90196656614995,0
54.247665190957925,54.554037176989,0,35,2,108.80170236794692,0
75.83572036741657,73.16824097600404,2,34,1,149.0039613434206,1
49.995030130916376,78.55254434633598,1,33,5,128.54757447725234,0
62.28163740172845,48.56349441574376,1,29,5,110.84513181747221,0
27.056598834585458,70.30253041048098,1,13,1,97.35912924506644,0
76.6840475526817,73.23153703096881,2,39,5,149.9155845836505,1
63.49768885280071,53.53991563323441,4,15,3,117.03760448603512,0
94.88773029752177,100.0,1,31,6,194.88773029752178,1
47.36608091562722,70.15394372252422,2,28,5,117.52002463815144,0
82.102235577819,73.74853852559886,4,25,4,155.85077410341785,1
59.63831865784359,65.27764172836325,4,9,5,124.91596038620685,0
47.48330673098097,82.30130983098128,3,55,4,129.78461656196225,0
40.97051282154247,84.07308214320933,2,8,4,125.0435949647518,0
76.49120417577035,75.10587919888276,3,42,1,151.5970833746531,1
41.52795842956917,73.68377287223485,6,36,4,115.21173130180402,0
36.77226431753542,67.0878246782556,2,33,4,103.86008899579102,0
64.24693074437383,68.26114505102282,1,14,4,132.50807579539665,0
35.44844273432247,45.77814562733634,1,26,3,81.22658836165881,0
66.32610329437772,82.99229264664488,4,47,3,149.3183959410226,1
67.91161446430037,78.1626443257203,3,32,1,146.07425879002068,1
76.17507969315922,56.96734501458297,0,29,5,133.14242470774218,0
65.7466053077144,74.55721163249075,0,44,1,140.30381694020514,1
60.502427055876794,62.25313513557526,2,49,4,122.75556219145206,0
48.25213340077011,71.67864679406952,2,24,4,119.93078019483963,0
51.49068898028197,60.64176464534033,4,24,6,112.1324536256223,0
100.0,53.612591149718206,0,46,5,153.6125911497182,1
63.07193732841604,78.47294696578157,0,20,4,141.54488429419763,1
66.27814174450852,59.4608409661184,0,44,4,125.73898271062691,0
96.1112400462496,48.68785895141917,2,55,4,144.79909899766878,1
71.9964497365029,61.20360405371213,1,50,5,133.200053790215,0
79.9746634722194,81.70374950173574,4,22,5,161.67841297395515,1
43.724514006004526,68.5274927968513,1,8,6,112.25200680285583,0
67.32786025788468,69.57009305552245,1,30,3,136.89795331340713,1
52.007377276782485,89.0869848714142,2,2,3,141.0943621481967,1
32.96488679031957,83.06523585060006,3,24,1,116.03012264091963,0
77.58410750704418,65.40619372464438,3,11,5,142.99030123168856,1
80.35564319160471,58.3630753643839,3,58,3,138.71871855598863,1
57.36554561438752,60.25117181275096,3,47,2,117.61671742713848,0
83.70337573302079,62.85358077779369,1,31,4,146.55695651081447,1
75.03112483388769,84.06061497659391,0,56,2,159.0917398104816,1
57.91864133454309,63.61397724247372,1,46,4,121.53261857701682,0
97.5641407624672,59.460123073843135,3,17,1,157.02426383631035,1
59.17222320366671,54.58498881160037,1,15,6,113.75721201526707,0
78.23499593485114,73.37211100338168,4,7,5,151.60710693823282,1
67.52691464404421,55.15088034132913,2,32,5,122.67779498537334,0
76.9023308082832,48.473290025585314,2,26,3,125.37562083386851,0
34.9420645338987,75.09272725433215,0,20,5,110.03479178823085,0
56.74194725762625,70.85504499893071,1,9,6,127.59699225655696,0
80.00873477064468,62.87426310317554,1,13,6,142.88299787382022,1
82.00655145300597,67.37616067077957,2,36,5,149.38271212378555,1
54.21751418586904,86.43641329185022,5,2,6,140.65392747771926,1
48.655504439864174,51.773070098919185,4,34,4,100.42857453878335,0
78.06945946185866,97.37982203846612,0,12,5,175.4492815003248,1
79.52276990799291,69.62555813273099,2,45,5,149.1483280407239,1
91.33213547473235,82.90412082348277,2,41,6,174.23625629821512,1
31.42653150012542,71.8855350278913,6,21,2,103.31206652801671,0
66.04016505554375,74.55567578063159,2,11,3,140.59584083617534,1
55.94029061046156,84.08130731958934,1,37,5,140.02159793005092,1
76.08215721331254,86.44643372796057,1,32,2,162.5285909412731,1
69.84618909674043,75.40724095435047,2,27,3,145.2534300510909,1
70.42255287809152,53.89446701817862,0,15,1,124.31701989627014,0
69.51661008787613,60.48971863461745,1,58,1,130.00632872249358,0
83.46311769732102,51.14942251448905,2,34,4,134.61254021181009,1
35.56061462491131,75.8980677669614,5,29,6,111.45868239187271,0
60.93314598436147,65.25183145892484,1,38,3,126.1849774432863,0
62.66152733094999,53.317336898158445,3,36,2,115.97886422910844,0
67.1441464214556,94.56234634863469,3,12,1,161.70649277009028,1
45.616059573415725,62.83630855934712,2,39,4,108.45236813276284,0
36.80113422291433,72.1750139512246,2,55,4,108.97614817413893,0
79.62796444673644,75.29568582039096,2,3,2,154.9236502671274,1
77.60930039756829,68.84051595982132,1,50,5,146.4498163573896,1
47.78462915276499,60.86373676229271,1,39,6,108.6483659150577,0
72.27099225941713,68.92919014934262,2,14,4,141.20018240875976,1
42.24239454992481,68.49790685940204,3,40,1,110.74030140932685,0
92.0076677226628,67.62474725218382,1,2,4,159.63241497484663,1
74.0677298953305,54.210210202869916,3,54,1,128.27794009820042,0
48.205738500664836,70.41329214047009,2,47,4,118.61903064113493,0
84.56510364317229,61.491748508434114,0,58,1,146.0568521516064,1
55.132481692217944,81.88199486751147,2,23,4,137.01447655972942,1
67.15082701013377,77.0961909011008,2,57,6,144.24701791123456,1
56.065080589347616,34.84661571997278,0,31,6,90.9116963093204,0
73.19426372005549,51.076042213708035,4,20,3,124.27030593376352,0
72.5820523874994,55.13136756968029,0,56,2,127.7134199571797,0
21.17974274758089,79.11654754581002,2,24,3,100.29629029339091,0
82.42817453912286,82.70474235860655,2,19,6,165.13291689772942,1
79.68287076172693,65.05103418140223,3,34,2,144.73390494312918,1
46.152396585811154,45.219003444924155,1,16,2,91.37140003073532,0
61.55677016959479,66.7294633436583,0,33,2,128.28623351325308,0
78.30936255900113,74.35738753293428,1,44,3,152.6667500919354,1
40.90134348891981,60.72917501492511,3,59,3,101.63051850384491,0
45.31671209852891,51.21222362073284,1,54,5,96.52893571926175,0
74.53127045313839,85.35422403712191,1,2,3,159.8854944902603,1
74.10084588704274,70.41656498503075,2,36,3,144.51741087207347,1
76.218653841763,69.07334745732345,1,45,6,145.29200129908645,1
54.97783871691509,65.70364744303616,4,53,4,120.68148615995125,0
54.61368530189216,76.64869325339089,1,53,1,131.26237855528305,0
64.6021811112641,79.78601226933115,4,36,6,144.38819338059525,1
56.96997369475665,61.97985766183838,4,11,5,118.94983135659504,0
87.39032853439282,55.57420568708693,1,15,5,142.96453422147977,1
72.74267430672438,77.97912594762089,2,45,1,150.72180025434528,1
66.46974730206342,73.51258578570224,1,59,1,139.98233308776565,1
90.10178135447805,89.37734548851822,1,57,6,179.47912684299627,1
53.981126348029264,72.80829345223778,3,29,6,126.78941980026704,0
73.69449759820364,80.10380434542552,2,6,4,153.79830194362916,1
57.50404735772554,65.14765608771972,1,49,5,122.65170344544526,0
38.40451297689678,64.26825300875194,3,12,5,102.67276598564872,0
41.02813472174378,76.40031093646539,1,31,2,117.42844565820917,0
52.72357001086998,66.9239118595301,2,26,6,119.64748187040007,0
61.38113518072186,61.87605833849763,1,26,3,123.2571935192195,0
57.75408422474841,55.81751049495038,3,18,5,113.5715947196988,0
64.78321593682581,71.66872478384101,1,28,4,136.4519407206668,1
70.92007294734472,63.155783603035836,5,12,3,134.07585655038056,1
63.863535701968104,83.75729044480873,3,59,4,147.62082614677684,1
59.64456198790086,52.924300896859926,2,54,2,112.56886288476079,0
59.49763382277969,77.29895430021962,1,17,1,136.7965881229993,1
77.89381830469702,45.01481556173215,2,55,3,122.90863386642917,0
68.01739483809259,80.72437227266933,4,12,5,148.7417671107619,1
67.92104292078162,57.27273920324079,1,36,1,125.1937821240224,0
52.74367053397714,69.2679523377354,1,5,4,122.01162287171253,0
73.6280752415985,65.22930681409935,1,54,1,138.85738205569783,1
57.42837618157674,71.89664187904158,1,36,3,129.32501806061833,0
49.194763712804686,82.08932767834239,1,21,4,131.28409139114706,0
74.57587888412574,82.9838177109993,1,59,6,157.55969659512505,1
61.60273851725252,65.06288071460797,2,24,6,126.66561923186049,0
47.31440313260296,60.637610450590444,2,14,5,107.9520135831934,0
86.83733483220149,57.522321627677385,1,25,3,144.35965645987886,1
68.16925538419208,62.92126292244531,2,33,4,131.0905183066374,0
82.81519082692346,85.96689884846847,3,47,3,168.78208967539194,1
61.54398928691349,43.64646614680064,2,34,2,105.19045543371413,0
65.00310597377296,78.24478955030699,0,29,5,143.24789552407995,1
86.65448005203221,79.01319345408773,3,17,1,165.66767350611994,1
48.16182790633379,82.11366146315163,0,42,1,130.27548936948543,0
56.97007721069116,78.82746396694895,3,41,6,135.7975411776401,0
41.56181214670186,72.70316940697059,4,48,5,114.26498155367244,0
58.80503266784849,52.19132002090798,3,35,3,110.99635268875647,0
55.346752515238066,49.225584358660896,1,29,5,104.57233687389896,0
69.20954606735205,65.3398367403861,3,52,3,134.54938280773814,1
55.614840687556814,67.30817234946274,3,27,4,122.92301303701956,0
37.54050654715314,82.6974199010458,1,35,5,120.23792644819895,0
62.348387553263265,53.69711181691031,2,23,4,116.04549937017357,0
62.14941447497758,56.565446459401976,1,6,4,118.71486093437956,0
73.469088888404,78.05837406074863,1,36,1,151.52746294915264,1
69.66963010164328,85.26270906326388,1,6,6,154.93233916490715,1
72.45048834854782,86.15470907443299,2,6,2,158.6051974229808,1
47.844106890190076,53.610110135014736,4,16,5,101.45421702520481,0
68.57553474102178,79.2630418580401,1,5,3,147.83857659906187,1
71.59251845930339,65.20121125442635,1,10,3,136.79372971372976,1
62.13644312409052,87.43140094583416,1,34,4,149.56784406992466,1
61.97762699078723,88.70547021396273,5,13,5,150.68309720474997,1
31.916509143513963,86.27900062993578,4,3,6,118.19550977344974,0
45.211292081018485,80.31501846812267,2,2,1,125.52631054914116,0
41.282139469518,91.13425749840849,0,8,6,132.4163969679265,0
72.50998582071814,84.85184509014398,3,1,4,157.36183091086212,1
85.40987893757976,58.412022357721504,1,59,2,143.82190129530127,1
40.407737562118484,65.91281551708167,2,56,2,106.32055307920015,0
100.0,77.2254198447098,2,51,2,177.2254198447098,1
71.82111368211702,46.05361863457914,1,22,1,117.87473231669615,0
74.67823378925085,82.28236773022414,1,24,2,156.960601519475,1
63.75978971235951,62.99680808384794,0,58,3,126.75659779620744,0
67.62817128362768,96.03923905696652,0,8,6,163.6674103405942,1
57.62545721551929,57.384281060327865,1,5,5,115.00973827584716,0
65.00791938284895,95.49725683620355,2,20,3,160.5051762190525,1
72.71382134026753,65.96335665506636,3,42,3,138.6771779953339,1
58.218645007503795,44.40885248614197,0,25,2,102.62749749364576,0
55.85325643520927,69.17639144697438,1,37,3,125.02964788218364,0
72.14536654034329,68.75882530851659,1,12,5,140.90419184885988,1
81.07314728352328,65.34108335774154,1,29,6,146.41423064126482,1
48.03667347011127,79.62554150341744,3,34,1,127.6622149735287,0
69.0369041186766,71.69179239534472,1,10,1,140.72869651402132,1
71.22298250542866,47.897226724505714,1,38,1,119.12020922993437,0
88.23530227242782,74.44073338322747,4,29,4,162.67603565565528,1
59.60555491321306,58.18414258183285,2,40,4,117.78969749504591,0
44.51066433199199,56.71411819837058,1,15,4,101.22478253036257,0
79.21289693184286,44.73223669791611,3,36,6,123.94513362975897,0
58.44920395939107,100.0,2,1,5,158.44920395939107,1
27.045687158805052,73.03082615195949,4,55,4,100.07651331076454,0
32.69985620193133,89.30537026881248,2,55,5,122.00522647074382,0
78.78731260415002,70.9258779546126,1,33,2,149.71319055876262,1
73.55919495829296,59.63807674042079,0,30,3,133.19727169871376,0
69.91819286239036,63.05051068437104,3,21,1,132.9687035467614,0
54.54842272355638,51.4863613810852,0,40,1,106.03478410464157,0
59.125271488673135,62.630529219900204,2,28,3,121.75580070857333,0
38.21200262098833,71.51521283480882,1,21,6,109.72721545579715,0
55.46663237893395,49.051510805684174,2,43,2,104.51814318461813,0
57.60315766400342,46.29414674539435,1,12,4,103.89730440939778,0
64.71936865331153,61.39580621046477,2,2,4,126.1151748637763,0
45.102918075333754,69.28701782473007,0,24,3,114.38993590006382,0
60.469317507652036,63.88943964881039,2,37,5,124.35875715646242,0
94.93501234675946,59.28654981409739,2,16,3,154.22156216085685,1
61.05663756187599,70.56321882472443,0,20,4,131.61985638660042,0
68.45106138787104,59.72202115108961,4,4,4,128.17308253896064,0
88.06897877618829,72.62240850893134,2,3,1,160.69138728511962,1
50.690908709050326,68.08765321424912,1,14,2,118.77856192329943,0
58.0203431482992,76.26700763221334,3,18,6,134.28735078051253,0
60.202287151177345,56.283768255115255,1,53,3,116.48605540629259,0
74.23051226019581,78.342434801008,2,2,4,152.57294706120382,1
89.38938373043095,76.03902477699405,0,4,3,165.428408507425,1
47.06175406947224,48.15276039341779,0,59,1,95.21451446289004,0
48.64401383835731,69.97115390897375,1,22,6,118.61516774733106,0
50.96841946933107,73.40501228393802,2,47,6,124.37343175326909,0
35.310502844363185,62.711746801453465,1,36,5,98.02224964581666,0
75.39658410894717,73.71998779798666,2,40,1,149.1165719069338,1
68.14489122911938,48.01981303352768,3,37,4,116.16470426264706,0
70.10076941853336,74.32777469722954,2,16,1,144.42854411576292,1
65.0554350777177,76.23882567434504,4,52,1,141.29426075206274,1
53.0121199002462,82.84732671975024,1,45,1,135.85944661999645,1
41.43685771897251,78.18483388075157,1,11,5,119.62169159972407,0
76.66111029146766,64.02913002028943,1,8,1,140.6902403117571,1
41.7707255170438,57.04316414468982,4,24,2,98.81388966173361,0
85.10675669034717,66.54353351293508,2,7,4,151.65029020328225,1
68.00853795846415,84.40637990168648,2,58,2,152.41491786015064,1
61.416018512454585,58.651047271638625,2,27,2,120.06706578409322,0
20.894170480035797,69.02945802561446,2,53,3,89.92362850565026,0
63.521178015736076,56.89403640738293,2,24,3,120.41521442311901,0
59.99270765365985,76.83712428638377,3,26,5,136.82983194004362,1
48.69131091705796,48.74717736294291,2,23,6,97.43848828000087,0
61.571001269899725,58.17035429598608,4,56,5,119.74135556588581,0
59.37205429514094,70.08614160289531,3,8,2,129.45819589803625,0
67.11329370366806,40.140071759044126,2,25,1,107.2533654627122,0
65.92519774771958,56.59376245951597,2,40,5,122.51896020723555,0
54.0356558642679,57.29871239630017,2,22,6,111.33436826056807,0
76.76906431847036,74.21775880422642,4,44,6,150.98682312269676,1
64.90218027155812,51.63446308307948,1,53,6,116.5366433546376,0
65.22032292093796,93.8473119907697,1,6,4,159.06763491170767,1
60.297054707414034,79.40307597758328,2,33,4,139.7001306849973,1
39.11289906814105,68.19615447673753,2,15,1,107.30905354487858,0
88.14865292408284,75.39062465542041,0,13,5,163.53927757950325,1
80.52874002085629,80.19534386219456,1,21,1,160.72408388305087,1
78.3529761668718,71.71658523854742,1,55,6,150.06956140541922,1
68.73962893462593,71.32642380968728,4,56,2,140.0660527443132,1
71.42460645811472,75.64053024841843,0,34,2,147.06513670653317,1
60.18135850823133,74.60122037684373,5,5,4,134.78257888507505,0
64.61638531712008,69.41164790994355,0,31,4,134.02803322706364,0
60.07072286376523,53.805085461381616,0,43,3,113.87580832514685,0
46.214098333803214,61.69299604880924,2,12,1,107.90709438261246,0
64.06713474501034,75.54980348880225,5,39,6,139.6169382338126,1
67.91911182855864,78.65362435054698,1,50,3,146.57273617910562,1
37.95290485616083,83.20985678107127,4,8,6,121.1627616372321,0
51.830261198651584,66.53741564949155,0,25,3,118.36767684814313,0
73.36536591087687,96.55037247276691,4,49,2,169.91573838364377,1
63.64200076543759,91.38158690525272,1,39,1,155.0235876706903,1
70.51222498211456,47.777887221104095,0,32,2,118.29011220321865,0
50.062769078146566,72.27193968750849,4,18,2,122.33470876565505,0
81.69032562484888,67.41268505718374,2,26,1,149.10301068203262,1
54.23121663878597,72.72441374637867,0,31,4,126.95563038516465,0
100.0,52.91580835739292,3,39,6,152.9158083573929,1
69.90117146903481,82.82055200432819,2,55,5,152.721723473363,1
44.305727528166045,38.76235494607242,3,51,2,83.06808247423847,0
40.88660203446538,84.64985558575657,2,41,4,125.53645762022195,0
88.00150551944489,59.79357665503547,0,48,4,147.79508217448037,1
55.1935049202677,63.27270835783228,1,21,6,118.46621327809999,0
44.81030479629877,62.58829987679564,3,7,2,107.39860467309441,0
62.29412477356388,72.14433660172571,1,33,5,134.4384613752896,0
81.28973174262549,58.14551990919101,5,14,6,139.4352516518165,1
60.30412954215269,75.08880233822141,1,11,6,135.3929318803741,0
75.96146178599787,68.53531441454467,1,8,4,144.49677620054254,1
73.7303985062709,68.07242656569407,2,17,1,141.80282507196497,1
72.23100091003079,56.47004681256354,3,54,5,128.70104772259432,0
47.776050668710724,61.15875836862854,0,21,4,108.93480903733926,0
58.6885730947842,94.50491248172493,4,48,2,153.19348557650915,1
58.438125495148846,72.39772520462456,1,13,2,130.8358506997734,0
69.78761765628771,62.46719312698593,2,14,1,132.25481078327363,0
68.90482758156831,58.243345303398314,2,2,4,127.14817288496663,0
93.49822902342824,79.96230174235131,3,46,3,173.46053076577954,1
72.81683642569007,71.8803247389583,2,20,2,144.69716116464838,1
51.089702987141386,67.92637915124243,2,57,6,119.01608213838381,0
55.59924163115052,65.66427325639252,2,51,4,121.26351488754304,0
51.46922668463735,61.37068658260977,3,12,4,112.83991326724711,0
51.21970232770858,35.93105608617488,2,23,4,87.15075841388347,0
83.98561761297051,66.58738420472189,3,33,6,150.5730018176924,1
55.37769636433536,81.19753686809284,2,38,2,136.5752332324282,1
72.66803899287471,74.41143808251653,2,49,5,147.07947707539125,1
52.5967946894021,60.594957746506864,2,5,1,113.19175243590897,0
52.2289034860953,68.94290507165113,3,18,6,121.17180855774643,0
66.23659629401755,51.26208133069768,0,46,1,117.49867762471523,0
70.2447507094954,69.88853726118622,3,52,4,140.13328797068164,1
58.29017156511873,47.087726949912486,0,31,1,105.37789851503122,0
53.62256997949896,76.43549091420628,3,44,1,130.05806089370526,0
80.89904576069932,63.70405111519837,4,9,4,144.60309687589768,1
60.80359747256249,66.15642634556029,0,20,6,126.96002381812278,0
59.62489771968167,81.94697816802436,3,15,2,141.57187588770603,1
56.567479601325466,66.64227589147593,3,6,1,123.2097554928014,0
82.54384988641661,72.6908169344235,1,19,2,155.23466682084012,1
56.63865420337518,64.83628816054429,4,24,4,121.47494236391947,0
56.91315945276532,63.27086911624168,1,27,4,120.184028569007,0
83.00118434640292,68.41396773226754,4,36,5,151.41515207867047,1
58.79802258315086,51.60759328132083,2,33,3,110.40561586447168,0
75.0298220713686,46.605259386947594,5,29,4,121.6350814583162,0
92.06522164680115,82.78206358857264,3,6,1,174.8472852353738,1
68.308121405208,49.92527318426111,0,13,4,118.2333945894691,0
48.46561775245365,73.31920918613417,2,10,2,121.78482693858783,0
61.24930228101571,44.45519086702225,3,22,1,105.70449314803795,0
47.28780777036732,59.988123454101014,2,52,1,107.27593122446834,0
77.72261319000002,66.43148704908272,2,33,6,144.15410023908274,1
56.1146606652192,73.8935032522302,1,32,5,130.0081639174494,0
65.31329732443943,75.33728569397914,4,50,2,140.65058301841856,1
73.44321290261533,62.66970832233921,2,48,5,136.11292122495453,1
56.39597340654649,73.20182075554482,2,55,1,129.5977941620913,0
61.11805905999346,76.0670709020305,3,16,2,137.18512996202395,1
60.50485027989819,51.5489824426099,0,30,4,112.05383272250809,0
91.62966338914268,65.90910547184704,1,13,2,157.5387688609897,1
59.494582413750166,84.62764947752396,0,13,4,144.1222318912741,1
89.18417386982968,84.24081544212797,0,18,4,173.42498931195763,1
73.58086162571216,81.52365755537764,3,32,1,155.1045191810898,1
58.033936065359185,75.57243836255888,2,51,1,133.60637442791807,0
79.48096226886756,66.4302135895138,2,49,3,145.91117585838134,1
72.51641254909768,61.202125634680044,0,59,5,133.71853818377772,0
44.733884506879676,64.14071389058147,4,20,2,108.87459839746114,0
75.46854908808541,91.58470022021575,1,13,4,167.05324930830116,1
70.88623950768151,78.1473638531468,2,23,2,149.0336033608283,1
49.871679738856876,67.89545852921572,3,52,4,117.76713826807259,0
69.91731759264628,81.5438462688621,2,37,3,151.4611638615084,1
21.916066800775262,67.52066464364744,3,3,2,89.43673144442269,0
51.9756090218545,57.76365616349372,0,22,2,109.73926518534822,0
57.81743815987394,83.09034004724438,3,54,1,140.90777820711833,1
70.25945148910338,72.22210644195897,1,32,6,142.48155793106235,1
59.60347031316371,81.40018994403574,2,36,4,141.00366025719944,1
81.86530039805754,55.8475705404086,2,45,5,137.71287093846615,1
46.41339386519149,68.51520783880292,4,32,6,114.92860170399442,0
61.553005541372094,63.78768912556942,1,22,2,125.34069466694152,0
57.63269379286843,45.73841632045663,0,45,3,103.37111011332506,0
58.15818758788718,88.10957216085461,1,1,3,146.26775974874178,1
75.25353984800716,85.55275674137675,2,9,4,160.80629658938392,1
46.689313611287616,54.47790849755085,2,37,5,101.16722210883847,0
68.78360594640016,56.40658058478706,2,27,4,125.19018653118721,0
38.772020401427284,53.734629962652534,3,46,4,92.50665036407982,0
55.99364651391942,82.83725745980621,3,32,4,138.83090397372564,1
42.231893799787855,82.43305181255508,1,4,1,124.66494561234293,0
69.38289092489559,73.54335928745041,5,30,4,142.92625021234602,1
55.966819094573296,78.57531748763941,1,3,6,134.54213658221272,0
54.35630217876241,72.4571065888214,3,27,1,126.81340876758381,0
79.95288160198712,45.91051767105988,2,7,4,125.863399273047,0
48.9829561763121,54.940927983972486,8,47,5,103.92388416028459,0
64.46537776553775,91.81674307069389,4,40,3,156.28212083623163,1
51.802784697469185,76.0537990765962,3,18,2,127.8565837740654,0
78.14070188794692,63.362922197030414,4,22,6,141.50362408497733,1
64.03717734337253,81.35043572420975,1,15,1,145.38761306758227,1
41.693618509759034,74.03373955631474,3,49,2,115.72735806607378,0
66.5653390628482,67.821962054372,1,8,1,134.3873011172202,1
71.93886939280927,68.96716368650928,3,53,1,140.90603307931855,1
47.155000113644576,80.63429426301755,2,16,1,127.78929437666213,0
91.58377395004617,71.88367553162121,3,28,4,163.46744948166736,1
73.23325752976046,58.180082490195815,4,1,5,131.41334001995628,0
80.11270534755383,42.20627364437348,1,35,2,122.31897899192731,0
76.31436994720362,67.43851864779474,0,15,6,143.75288859499835,1
65.29424986540985,62.38856982772716,1,8,4,127.68281969313702,0
67.75751774483757,64.91681701926187,1,31,2,132.67433476409946,0
100.0,59.2402932722175,4,48,5,159.2402932722175,1
40.35216783268749,64.82649316509881,3,43,6,105.1786609977863,0
58.757083926721194,68.61730920937363,3,7,6,127.37439313609482,0
50.70007087611931,74.33700780727723,2,53,1,125.03707868339654,0
74.98886378081693,54.82601911654041,1,25,6,129.81488289735734,0
50.90145348336703,49.028361882060864,1,14,1,99.92981536542788,0
51.11863060910619,58.58907124375322,4,47,4,109.7077018528594,0
74.38262025246553,92.27976923874346,3,37,4,166.66238949120898,1
75.62455770801596,63.576199449188096,2,35,4,139.20075715720407,1
62.095108110804226,85.90955977050628,3,9,3,148.0046678813105,1
38.587867820288366,71.12046849131981,2,20,2,109.70833631160818,0
53.2265253037664,80.93635266609667,2,39,4,134.16287796986308,0
87.30869233003891,62.66337703133646,0,50,6,149.97206936137536,1
48.09848796635292,71.51413484394361,0,18,1,119.61262281029653,0
75.43306636348666,84.18269311551954,2,42,1,159.61575947900621,1
67.85953386897536,69.32895461773344,1,43,3,137.18848848670882,1
67.17331749645336,75.92876702770624,5,5,2,143.1020845241596,1
63.08676319433699,62.96886792018694,4,53,1,126.05563111452392,0
79.25461387960364,72.216525697373,0,16,5,151.47113957697664,1
59.11981040121306,52.80217822570346,3,28,3,111.92198862691652,0
62.232119635162256,72.91748150215471,3,46,2,135.14960113731698,1
58.002569311577034,72.67783665697236,1,19,1,130.6804059685494,0
55.81343938039343,86.79513574174952,2,32,3,142.60857512214295,1
66.28530742105039,73.35121405859832,1,12,3,139.6365214796487,1
74.76704362735485,73.56693128056149,1,45,3,148.33397490791634,1
56.52838993743587,100.0,1,23,3,156.52838993743586,1
78.27847224483486,64.21880834687829,5,45,2,142.49728059171315,1
79.3295083735663,63.26130704403249,1,13,1,142.59081541759878,1
52.83713733184493,78.77656303089991,3,33,3,131.61370036274485,0
94.43880785796192,53.51916533236301,2,21,3,147.95797319032494,1
60.62283096626684,56.058593873051635,2,7,3,116.68142483931848,0
90.65920058872888,81.25498645012786,1,37,4,171.91418703885674,1
47.87466328799742,68.87636573512995,1,49,1,116.75102902312737,0
53.210209510475266,74.17073936564262,2,30,4,127.38094887611788,0
61.86029270630958,85.48773353107056,4,35,4,147.34802623738014,1
51.56980516455464,58.099640038716274,2,42,5,109.66944520327091,0
61.30906267805077,77.98500188430134,2,46,2,139.2940645623521,1
90.11738650021306,72.19001236719056,2,31,6,162.3073988674036,1
56.756895881066974,64.42502706261259,0,28,2,121.18192294367955,0
67.857495196686,63.70662236484818,2,55,5,131.56411756153418,0
49.705034919618264,88.336376312654,1,40,1,138.04141123227225,1
61.53700439232846,76.07489187167111,0,44,2,137.61189626399957,1
55.30659035234295,63.76724353808648,0,41,2,119.07383389042943,0
60.3727581731627,73.59577225404817,2,1,1,133.96853042721088,0
84.2152454260267,85.81962789823203,0,18,5,170.03487332425874,1
78.430331461439,79.11417864983329,2,11,1,157.5445101112723,1
23.78742735912148,62.71033254855631,3,46,5,86.49775990767779,0
33.73830590752117,59.19194340985024,5,41,3,92.93024931737142,0
61.22691670933256,59.37701576650933,2,21,1,120.6039324758419,0
83.54196082709326,85.74380486288736,1,56,2,169.28576568998062,1
70.51048260224267,59.718734874078486,2,59,5,130.22921747632117,0
65.28274434417271,80.01701591589858,2,41,5,145.2997602600713,1
64.708705911684,57.14977097578674,2,44,3,121.85847688747074,0
58.44853644142674,65.80672807339653,2,33,5,124.25526451482327,0
48.32813064594452,65.67952877491621,3,12,1,114.00765942086073,0
91.24375856308131,74.54983742471349,1,6,3,165.7935959877948,1
46.43506366509053,79.22607611162677,2,2,1,125.6611397767173,0
74.83851164794642,70.6271018859698,3,34,3,145.4656135339162,1
65.65403669558681,67.41198834942841,3,15,4,133.06602504501524,0
57.455378441729856,65.05335105970636,3,13,1,122.50872950143622,0
64.81866578230918,64.6213046043982,0,25,2,129.4399703867074,0
67.47141261854775,64.03681569858426,2,5,5,131.50822831713202,0
51.69978616574814,70.38888416008163,3,55,3,122.08867032582977,0
73.01943629183653,72.47634125590541,3,43,1,145.49577754774194,1
53.72046002391771,57.096251283409146,2,38,6,110.81671130732686,0
73.27228064060701,77.75787445270925,1,8,1,151.03015509331624,1
87.16295121582893,64.34650417818546,4,23,1,151.50945539401437,1
73.01758472720826,77.85970701066027,4,18,1,150.87729173786852,1
76.13191236607838,70.5520329670393,3,16,6,146.68394533311766,1
50.6084114491478,83.84680881106897,3,3,2,134.45522026021678,0
73.82867606630914,66.89374719556201,4,24,1,140.72242326187114,1
72.33780695221495,75.10533837021006,4,51,2,147.443145322425,1
47.15882160699008,79.3855600183775,0,53,2,126.54438162536758,0
67.39784587996101,58.42353489099142,2,32,3,125.82138077095243,0
58.22510785760566,82.42532099700334,1,33,3,140.650428854609,1
33.18949771047401,72.11427787003231,0,44,2,105.30377558050631,0
56.29214825292916,84.6769968051439,0,57,4,140.96914505807305,1
82.69587812541064,77.09730582102226,0,32,2,159.79318394643292,1
53.72313424857224,60.93050199809964,3,31,4,114.65363624667188,0
57.94936778360748,82.15164891572886,0,21,1,140.10101669933633,1
84.45491819841664,56.14764798120419,6,4,6,140.60256617962082,1
57.106282152238684,61.76465037093899,4,56,1,118.87093252317767,0
92.72913249944617,77.30686427505559,1,22,2,170.03599677450177,1
82.47109031685757,76.6364810302283,0,32,4,159.10757134708587,1
82.59686956379961,72.3457807786395,3,3,4,154.9426503424391,1
100.0,53.70978952189678,2,12,6,153.70978952189677,1
92.81138849501282,76.62088959893104,0,50,6,169.43227809394386,1
78.26068094541574,63.64801465061955,2,48,2,141.9086955960353,1
68.23094758184432,63.60729402139716,4,39,5,131.83824160324147,0
70.13506751734432,65.83237253250589,2,29,5,135.9674400498502,1
48.624486857910284,55.88591996134264,0,49,4,104.51040681925292,0
79.29311820804408,61.453350836211385,1,12,6,140.74646904425546,1
53.80132480189641,63.71522436674294,3,17,4,117.51654916863936,0
72.70861774488372,65.53217136474493,3,47,6,138.24078910962865,1
87.22495103693899,84.14215227758108,0,11,1,171.36710331452008,1
85.72181118035729,84.76266610780945,1,41,3,170.48447728816674,1
62.09260791840795,75.70516819031948,3,39,4,137.79777610872742,1
66.72539118721126,40.14629612157905,2,44,4,106.87168730879031,0
57.72041246948198,70.1026729698922,1,4,5,127.82308543937418,0
61.602816621477096,90.8192389100417,3,11,3,152.4220555315188,1
52.93526360510012,66.55846917114077,6,28,4,119.49373277624089,0
33.49960238522564,76.70003707854046,3,18,2,110.1996394637661,0
64.86049518292079,87.59849031134323,2,10,3,152.45898549426403,1
57.876445150662136,78.54786591496195,1,52,6,136.42431106562407,1
49.93918104736984,78.4411350014477,3,11,5,128.38031604881755,0
65.61378763093582,67.85088057980613,3,29,4,133.46466821074193,0
71.05595135504915,81.74106534433642,4,56,4,152.79701669938555,1
43.922152297946376,57.079850470347836,0,48,2,101.0020027682942,0
62.13458356099746,80.73576625088647,1,50,1,142.87034981188393,1
68.90663395000334,64.18991258501515,4,37,1,133.0965465350185,0
71.38830809289554,63.13904749652726,1,46,4,134.5273555894228,1
74.88868502648607,76.00288563323883,2,38,3,150.8915706597249,1
76.9139701943274,54.768034041439606,4,28,1,131.682004235767,0
72.51266712416685,60.015264341801725,0,25,5,132.52793146596858,0
75.29477685435052,53.82343465671799,2,2,3,129.11821151106852,0
53.500151183249784,56.518071601124824,4,47,3,110.01822278437461,0
57.25355534168642,56.5450751188673,1,8,1,113.79863046055372,0
45.04529561391515,72.14171996662468,2,2,5,117.18701558053982,0
81.05225357474642,93.22184848072274,2,8,4,174.27410205546914,1
63.22897209513382,75.47085034204844,1,37,5,138.69982243718226,1
79.32957812855766,51.43235213273961,0,54,3,130.76193026129727,0
62.73743432649957,56.900497934090765,0,48,4,119.63793226059033,0
78.35371251254763,64.2710715256864,2,35,1,142.62478403823403,1
50.28251703290478,55.93319495876032,0,11,3,106.2157119916651,0
85.59272712014796,84.7505774115646,3,41,2,170.34330453171256,1
62.36171281351495,65.4639052117814,3,29,1,127.82561802529634,0
69.43436733120643,81.29418239703963,4,41,5,150.72854972824607,1
71.35398598390192,57.7460505092764,1,13,6,129.10003649317832,0
70.51473939487133,70.54589771596902,4,53,3,141.06063711084033,1
91.379307262927,66.33257066718025,0,14,5,157.71187793010725,1
54.83653021496517,66.07964544176363,1,25,4,120.9161756567288,0
75.02510733077122,65.52789299257631,1,8,4,140.55300032334753,1
94.08393498587427,47.43987959310684,1,11,4,141.5238145789811,1
52.99942153403531,83.67466643230563,2,18,5,136.67408796634095,1
78.03731888745345,48.6260990264124,1,23,6,126.66341791386586,0
58.56133369552008,85.30468885598818,0,53,1,143.86602255150825,1
58.14355615120592,72.69059685148952,2,9,1,130.83415300269544,0
95.18405668551148,58.17352479134884,0,23,3,153.35758147686033,1
71.47883817010911,50.82880996485481,2,40,5,122.30764813496393,0
42.55206117364881,60.40071391957679,4,48,1,102.9527750932256,0
78.86405209306744,67.15585635984847,3,52,5,146.0199084529159,1
73.33406699005172,72.10344134720708,4,50,1,145.4375083372588,1
44.55238993110784,82.6884196645387,2,4,5,127.24080959564654,0
48.93419480526427,79.87935898813247,1,43,4,128.81355379339675,0
81.51439452497857,75.33037992748807,2,51,1,156.84477445246665,1
71.4322475049586,67.76985097368703,5,34,1,139.2020984786456,1
33.17217651487108,64.4909162773721,5,29,5,97.66309279224318,0
51.1721028031203,86.72145433029317,1,28,4,137.89355713341348,1
62.46767415214984,100.0,1,20,2,162.46767415214984,1
92.13959524599665,77.42663557627785,2,31,3,169.5662308222745,1
64.21393324133795,60.84976913024082,3,28,4,125.06370237157878,0
69.55727893407314,74.26802738275876,2,8,3,143.8253063168319,1
71.93258999122914,80.07362205422086,1,41,6,152.00621204545,1
89.23063534204162,57.9733957728793,1,17,4,147.20403111492092,1
74.44294376332716,81.97158492304294,1,21,4,156.4145286863701,1
62.59800806650039,85.32358463305826,3,20,4,147.92159269955866,1
77.87676674984998,55.72921041907445,3,35,2,133.60597716892443,1
59.11293340908691,76.00171639736661,2,3,1,135.1146498064535,1
72.63087534844901,74.3399327349642,2,17,2,146.9708080834132,1
45.16313064884645,77.59992191285487,1,40,6,122.76305256170131,0
51.354748745272495,77.75207424537462,1,50,5,129.10682299064712,0
42.16461220673163,69.91546017423335,3,49,4,112.08007238096498,0
47.76808947262016,55.258674024810844,1,16,2,103.026763497431,0
55.881871089862734,58.71521300218776,1,12,5,114.5970840920505,0
88.00591564874749,61.25846053983589,3,37,1,149.26437618858338,1
29.55601346687242,59.633404472922805,1,40,6,89.18941793979522,0
59.460842911306955,53.25052957369018,3,58,1,112.71137248499713,0
75.08860551804096,60.72808665675011,3,34,4,135.81669217479106,1
55.68728602623326,72.49363008823975,1,19,3,128.180916114473,0
72.83771157898636,66.09266737421795,4,53,2,138.9303789532043,1
55.46956416761556,86.21287470895767,0,46,2,141.68243887657323,1
44.49293290309632,79.52582160572578,1,16,2,124.0187545088221,0
61.559138838979585,65.8428819279172,1,4,5,127.40202076689678,0
72.23373429020985,70.59169997824267,2,6,2,142.8254342684525,1
86.47050172746775,64.04946193587821,3,27,2,150.51996366334595,1
64.06993985950952,80.8063969279791,1,8,6,144.8763367874886,1
52.61884205031567,77.11080728616797,2,40,4,129.72964933648365,0
63.748430453144586,65.28336691526319,1,15,5,129.03179736840778,0
60.55088811395302,51.48258126468556,2,49,1,112.03346937863859,0
59.98884153530089,72.06705263693244,0,46,6,132.05589417223334,0
59.005457215780964,73.46468395390028,4,52,2,132.47014116968126,0
67.98422220194742,69.73265224979544,4,15,4,137.71687445174285,1
64.00801078061266,97.69499500739333,1,12,2,161.703005788006,1
69.24931807319213,80.71544644130523,3,36,4,149.96476451449735,1
38.32118623990225,58.295607672661,2,6,5,96.61679391256325,0
65.10594737942264,58.383450897877054,0,56,2,123.4893982772997,0
69.62075809256153,71.74625437321889,1,3,1,141.36701246578042,1
77.10683894955966,87.96918019815551,2,1,1,165.07601914771516,1
56.23073404014201,71.6240601747075,1,58,3,127.8547942148495,0
54.83382544212723,47.402197503296996,4,6,1,102.23602294542422,0
60.81674908773865,69.76151637558026,1,38,6,130.5782654633189,0
49.94063941877752,78.52658922757342,2,7,4,128.46722864635095,0
43.91649471232037,68.86210922462953,1,2,3,112.7786039369499,0
79.54185800790106,78.14717548071134,2,33,5,157.68903348861238,1
68.79747857056972,69.28208627764116,2,34,2,138.07956484821088,1
81.81546000986707,73.75758568015786,1,10,3,155.5730456900249,1
63.805379131314275,68.81086839710477,3,17,6,132.61624752841905,0
55.286872915472614,90.43807131901644,1,21,5,145.72494423448904,1
58.354339683072766,61.17758758284104,2,31,1,119.53192726591381,0
59.416898358934205,47.563099603654955,5,32,4,106.97999796258915,0
74.72420650765788,71.26904549525777,3,56,4,145.99325200291565,1
60.44410956835003,100.0,1,20,5,160.44410956835003,1
72.62402959511884,80.07596637317427,3,49,4,152.6999959682931,1
72.08003406378911,72.23699403692855,3,58,5,144.31702810071766,1
44.65127293064893,89.58228278906931,1,17,2,134.23355571971825,0
68.98043524099442,81.50062983810452,2,37,3,150.48106507909893,1
78.98886247809635,58.47944445664643,0,59,1,137.46830693474277,1
61.21469746810568,47.56220392561403,1,38,1,108.77690139371971,0
74.38446400469002,61.45632127289293,2,39,6,135.84078527758294,1
52.911949002557165,61.26073357112064,1,9,4,114.1726825736778,0
36.08491130981585,65.96136892146193,2,10,1,102.04628023127778,0
69.8869447487325,65.56951359463065,0,19,4,135.45645834336315,1
50.08475938087231,66.59013882485444,1,47,2,116.67489820572675,0
65.01808213043337,73.87569404341201,1,37,1,138.89377617384537,1
81.86169079979021,81.73378659623441,3,34,3,163.59547739602462,1
62.83221993926723,62.472238648584366,1,44,1,125.3044585878516,0
82.91164104571058,57.48906766395309,1,36,6,140.40070870966366,1
77.76346943251959,72.79344091528196,2,20,1,150.55691034780153,1
73.87721200612067,78.93022852378041,1,21,6,152.8074405299011,1
44.01040737797088,47.68795874007931,1,21,3,91.69836611805019,0
65.28721666123629,73.99129012389037,0,4,1,139.27850678512664,1
81.76098223853691,61.127543110491565,1,18,4,142.88852534902847,1
86.3412220414991,72.69207588133699,1,37,3,159.03329792283608,1
80.84085213599077,70.22582859688718,3,37,3,151.06668073287796,1
77.19807780121965,70.34149097419791,2,12,6,147.53956877541756,1
71.27597331333025,68.0279775293753,5,52,6,139.30395084270555,1
43.27112878049684,61.54325877266939,1,42,5,104.81438755316623,0
65.56906753171403,47.32420849484616,4,38,3,112.89327602656019,0
77.26834487037543,67.2702848805591,1,51,6,144.53862975093455,1
61.729311569114394,89.66031678725129,2,51,5,151.38962835636568,1
62.19655762757023,75.7689349572158,1,25,5,137.96549258478603,1
59.72878646429401,59.71777761846641,1,13,4,119.44656408276042,0
52.522666876543326,59.9886182795845,1,21,4,112.51128515612783,0
80.70976559932173,92.26603977753115,2,46,2,172.97580537685286,1
62.384686131457464,79.13015985173773,3,33,5,141.5148459831952,1
67.9253747604219,59.967254174799706,3,10,6,127.89262893522161,0
77.37647397001452,63.62254538368942,3,41,5,140.99901935370394,1
63.926011222129,63.66043544004425,1,20,4,127.58644666217324,0
91.08277027779997,75.93646784530038,1,58,2,167.01923812310037,1
73.80040702212912,65.08376088844604,2,35,6,138.88416791057517,1
82.83370057211964,75.9543902483598,4,33,6,158.78809082047945,1
73.73146555202923,64.44206365497521,2,17,3,138.17352920700444,1
56.732214255071995,59.675379870645976,2,58,5,116.40759412571796,0
79.06355206439838,63.59679632273,2,45,3,142.66034838712838,1
51.414015487060716,68.46814382178172,2,30,6,119.88215930884243,0
46.136332116280755,77.08506473501757,3,1,5,123.22139685129832,0
57.621463287406925,70.86734758461147,2,31,3,128.4888108720184,0
61.29461448881005,68.72395596962421,1,7,4,130.01857045843425,0
89.59946794057089,67.14267476425535,1,44,1,156.74214270482622,1
55.188864753088644,77.66392202371723,3,34,5,132.85278677680589,0
85.62314628722277,80.26666790824855,0,13,5,165.88981419547133,1
48.41442997271096,69.07067847128808,2,44,2,117.48510844399904,0
67.2763698837311,79.84189824106582,2,48,3,147.11826812479694,1
83.08991774820224,64.06041423558312,1,47,6,147.15033198378535,1
50.54361610684084,73.62040010682082,1,50,4,124.16401621366165,0
73.2089719606695,53.13324335372456,3,44,3,126.34221531439405,0
63.410774685437964,68.82501704268515,1,19,5,132.2357917281231,0
86.33554792547761,85.63933644779277,2,22,1,171.97488437327038,1
64.31883173101643,63.42159642199873,2,42,3,127.74042815301516,0
61.048276758766264,65.88545366130923,4,39,6,126.93373042007549,0
52.3046501751369,69.54915226024623,4,13,6,121.85380243538313,0
20.13296043648915,71.19864345291056,1,47,3,91.3316038893997,0
54.37389849634306,72.59949970485543,0,2,3,126.97339820119849,0
73.28449906519285,81.83651807087125,1,4,5,155.1210171360641,1
75.48242630303803,62.628122270844464,1,42,3,138.11054857388248,1
74.60719692801236,76.62263166186585,1,23,5,151.2298285898782,1
62.98254823397401,40.8832951535775,1,55,3,103.86584338755151,0
60.36186384425205,66.0385588724026,2,25,5,126.40042271665465,0
57.80760548901135,89.87449902468755,0,14,5,147.6821045136989,1
56.96297805421553,73.83429604939546,0,4,3,130.797274103611,0
86.16398569619405,62.92874017852833,3,51,1,149.09272587472236,1
68.69757167648007,61.26307482573615,1,27,4,129.9606465022162,0
65.09633404716406,60.36610667258989,1,47,1,125.46244071975396,0
42.03338746166417,66.84808575620599,2,38,4,108.88147321787017,0
63.45117859776429,79.39448481938287,1,26,6,142.84566341714716,1
49.74975307135254,74.74958618451697,1,37,4,124.49933925586951,0
71.78557694374601,62.76615213059246,1,40,4,134.55172907433848,1
56.29920137944936,68.88466952063695,1,3,3,125.1838709000863,0
53.86273651192424,73.31897806709259,2,26,3,127.18171457901683,0
52.35130107025712,93.294609237565,1,25,1,145.64591030782213,1
64.64671773688643,80.65004760896872,2,37,5,145.29676534585514,1
28.417742625853563,72.74889625846843,1,37,4,101.166638884322,0
56.76912638388558,57.6835695080093,1,10,3,114.45269589189488,0
75.18714163157293,73.34018361573604,0,50,3,148.52732524730897,1
58.894455306098294,65.5530068511906,0,10,6,124.4474621572889,0
41.552137869550144,66.6023332390748,1,5,6,108.15447110862493,0
40.77302276141736,79.3018659284174,2,45,2,120.07488868983475,0
74.75675138804209,58.079695605016596,1,27,1,132.8364469930587,0
61.77618454566897,55.65647483680907,2,49,4,117.43265938247804,0
54.73055261359994,80.29617034362575,1,44,2,135.02672295722567,0
84.93399979303115,76.8541528746305,2,15,1,161.78815266766165,1
78.31483138810754,79.72958374710052,3,2,2,158.04441513520806,1
54.654083389037396,64.34483511156976,2,16,2,118.99891850060716,0
57.30179650292622,78.81565054551196,0,31,1,136.11744704843818,1
100.0,64.64867543366609,1,6,4,164.64867543366609,1
64.27021472644323,59.316185823761536,4,49,5,123.58640055020476,0
41.210250316430624,61.1433149960633,4,18,6,102.35356531249393,0
80.90314861248319,95.1501220217099,2,36,5,176.0532706341931,1
49.11638619415099,69.93327647622316,2,49,6,119.04966267037415,0
57.03178558088602,73.68884283663625,2,34,3,130.72062841752228,0
60.89010377256044,72.3930878318412,2,50,5,133.28319160440162,0
67.91576452366004,35.116141368140305,4,30,4,103.03190589180035,0
100.0,76.16337357077316,0,42,2,176.16337357077316,1
66.27977213847537,73.08638764427113,2,14,2,139.36615978274648,1
86.02397889419645,72.5451202368901,1,46,3,158.56909913108655,1
86.18330833123144,44.473270955782056,1,41,4,130.6565792870135,0
80.32074943144097,68.74788648415729,0,26,6,149.06863591559826,1
82.03430220774416,51.38185301129285,0,5,2,133.41615521903702,1
72.46614633637091,71.17204452098002,2,26,4,143.63819085735093,1
57.43730253488493,77.97643294399732,4,50,5,135.41373547888224,0
98.46950219288948,65.16308813121964,4,12,3,163.63259032410912,1
61.932931685208175,69.30978696393444,2,9,2,131.2427186491426,0
68.19940561059408,53.53041342539079,0,55,1,121.72981903598487,0
62.05300124857854,81.15291981748979,2,49,6,143.20592106606833,1
49.791560715611936,78.99880287308453,2,42,1,128.79036358869647,0
64.67949058477346,73.80943913500211,0,8,5,138.48892971977557,1
61.74474424363444,50.60935855107432,1,9,5,112.35410279470877,0
66.32986386442155,73.8494287111922,1,44,5,140.17929257561377,1
75.77278588561902,62.40693964137953,3,42,3,138.17972552699854,1
72.69658697264124,57.39831112477425,4,11,5,130.0948980974155,0
90.90445776850108,78.78990523335763,2,7,6,169.6943630018587,1
55.92883003192681,66.46908993236251,3,52,4,122.39791996428931,0
62.90830586478501,60.21549246020655,1,44,6,123.12379832499155,0
74.29567168949204,60.653955486154786,0,1,6,134.9496271756468,1
42.294284110807595,57.69096779631667,2,24,4,99.98525190712427,0
58.24716102722883,57.205180817209296,3,59,4,115.45234184443812,0
71.30141735677762,60.626123462426634,0,12,3,131.92754081920424,0
78.38896007448963,71.74076495151257,2,11,1,150.1297250260022,1
55.249961287648105,73.09571177465418,1,41,4,128.3456730623023,0
77.00614287841523,66.07579218868274,6,21,4,143.08193506709796,1
65.82401166499773,61.73337348909513,2,2,6,127.55738515409286,0
75.28261608185306,72.40551557696475,1,25,4,147.6881316588178,1
56.53628602013917,70.86444233540493,2,45,6,127.4007283555441,0
74.01810123393672,85.97606874386084,2,50,1,159.99416997779755,1
42.42919438953497,44.17139746468983,2,3,2,86.6005918542248,0
63.791003760548584,62.439700245593265,1,19,2,126.23070400614185,0
76.67541614249957,47.10630930547131,3,49,2,123.78172544797087,0
86.15688717805256,72.49124021680751,3,12,2,158.64812739486007,1
66.89569369319618,51.57951702961168,1,29,3,118.47521072280786,0
83.53717430010408,81.95341857893355,2,19,5,165.49059287903765,1
77.80963964828335,69.06123209129778,1,29,5,146.87087173958113,1
47.917503233288464,52.246669322323314,2,37,1,100.16417255561177,0
62.78329521773793,58.9824761990011,3,26,2,121.76577141673903,0
70.15681822324828,47.87447699823105,4,47,2,118.03129522147933,0
87.81974077883677,63.98317423737236,4,1,4,151.80291501620914,1
45.367694013213324,89.54999637881134,4,25,3,134.91769039202467,0
53.55912832150679,59.47871462545786,0,54,3,113.03784294696464,0
92.57275515192684,69.53176576746947,1,27,6,162.1045209193963,1
70.86043881392216,81.39513485637386,3,39,5,152.25557367029603,1
58.63645499902935,82.86315838254157,0,21,5,141.49961338157092,1
83.53673287733231,60.24382753287844,3,15,4,143.78056041021074,1
64.20319020473681,90.1440960804708,5,21,3,154.34728628520762,1
66.47101309308417,65.7898068390823,1,13,1,132.26081993216647,0
87.8150934073907,73.55892326236366,6,58,5,161.37401666975438,1
54.983306652966704,94.50483583513457,2,52,6,149.4881424881013,1
55.12825266387115,74.16051973125904,2,5,6,129.2887723951302,0
45.19966233168941,86.26531361326595,4,7,5,131.46497594495537,0
54.1739366999412,63.32657503887063,3,10,3,117.50051173881184,0
48.4270581040622,67.01113786416352,2,54,4,115.43819596822571,0
52.8760141753861,67.11201790563744,2,4,6,119.98803208102355,0
55.75457887940784,74.36968355265594,4,26,4,130.12426243206377,0
67.11885710131195,76.17860315291647,3,32,3,143.2974602542284,1
48.9870062861859,66.78830690921448,3,27,4,115.77531319540039,0
57.85668689683011,77.68651522089728,2,12,5,135.5432021177274,0
72.19162277129095,74.36764757023286,3,1,2,146.5592703415238,1
72.00006472949121,83.79606422654496,4,42,6,155.79612895603617,1
72.01539757648149,54.68434700153997,2,56,3,126.69974457802147,0
94.37521181330891,83.21587549282914,3,44,3,177.59108730613804,1
87.34795157903123,56.63144259805608,2,1,2,143.97939417708733,1
37.307182066428595,78.31429101084925,0,17,3,115.62147307727784,0
69.00689976517225,76.38407438586331,0,13,4,145.39097415103555,1
70.02587043626177,64.25489714173973,3,7,6,134.2807675780015,0
36.872412955313834,87.02237614177645,2,17,2,123.89478909709028,0
82.81079077347127,68.67201557731205,1,35,5,151.48280635078333,1
83.40399835826462,84.36696308374273,1,9,2,167.77096144200735,1
61.175663096694535,72.38416011456889,3,57,6,133.55982321126342,0
71.94777192901377,70.02745523372205,2,18,4,141.97522716273582,1
49.0640970777968,75.18715540760986,2,31,3,124.25125248540667,0
74.32357834784077,78.34482969460359,3,35,6,152.66840804244436,1
82.22956024143073,71.68431843817656,2,3,4,153.9138786796073,1
32.72276898006042,69.35314181193112,4,38,6,102.07591079199155,0
57.30205453229906,78.59047293629152,4,32,1,135.89252746859057,1
62.14245341003283,78.16276250101154,2,29,1,140.30521591104437,1
55.52633406252003,66.49889641289755,4,55,1,122.02523047541757,0
63.256564353170624,74.20444259663606,1,50,5,137.4610069498067,1
46.55675608321375,75.59854373740153,3,18,4,122.15529982061528,0
83.58419529409156,94.81487605796262,3,35,3,178.3990713520542,1
45.60090563193255,59.95695155444464,1,13,2,105.55785718637719,0
42.45379547360273,57.80945407612026,4,29,2,100.26324954972299,0
61.11642539443884,91.95544242059304,0,59,2,153.07186781503188,1
68.91875796850785,68.18440935720973,3,24,4,137.10316732571758,1
82.94947229968477,47.05294029496268,2,37,5,130.00241259464747,0
64.98937108135031,70.47336457888888,2,1,6,135.4627356602392,0
62.989742499906235,53.580219534006275,1,43,3,116.5699620339125,0
70.96890574920214,70.05075830792983,4,19,1,141.01966405713196,1
64.1765899907557,90.34867453373039,0,28,6,154.5252645244861,1
100.0,97.26921664536258,4,22,5,197.26921664536258,1
90.87044974641663,58.42959914292106,1,47,2,149.3000488893377,1
42.11515528144858,56.437555303912916,0,29,1,98.5527105853615,0
52.08368134739644,56.853767333853256,0,32,5,108.93744868124969,0
51.10428305027692,53.00527533048825,0,36,3,104.10955838076518,0
52.421213023291536,63.692428792175384,3,18,3,116.11364181546692,0
68.8060949224186,76.88493305205296,5,32,1,145.69102797447155,1
67.60012496555612,58.120506489375835,2,22,6,125.72063145493195,0
58.201579260090874,53.9742211708013,2,5,1,112.17580043089217,0
95.36464434930278,84.61833654105106,4,11,3,179.98298089035384,1
72.73908826556149,70.22081956940126,4,37,1,142.95990783496273,1
64.49581152944431,73.49076469108007,3,59,4,137.9865762205244,1
65.31190561513112,68.44579303763871,4,59,4,133.75769865276982,0
46.12242633986998,79.19053935376738,2,57,6,125.31296569363735,0
58.14047517369815,87.04605144725275,1,18,2,145.1865266209509,1
60.38287293291674,95.17527206958917,2,40,3,155.5581450025059,1
84.72371680376071,87.23602486847174,3,15,4,171.95974167223244,1
55.070267333050865,66.2189592256707,2,38,3,121.28922655872157,0
56.91737215710893,58.40504416296095,3,39,3,115.32241632006988,0
68.19794942356533,55.515740225713415,2,9,6,123.71368964927875,0
74.28731391507796,82.50069596870621,5,33,4,156.78800988378418,1
72.495276654544,83.40200530635946,1,44,4,155.89728196090346,1
71.57713608214591,77.15729365098103,3,55,1,148.73442973312694,1
90.0485675652711,74.23005962028256,0,4,4,164.27862718555366,1
68.61982902375172,71.97153718444683,4,41,2,140.59136620819856,1
43.34217775799687,93.04441002573114,1,14,2,136.386587783728,0
46.18565865246126,90.43017589755527,1,5,6,136.61583455001653,0
95.84815347244312,89.1824573451561,1,52,1,185.0306108175992,1
74.34066835850403,59.34676586153751,3,40,5,133.68743422004155,0
63.39046783993657,75.23170467400055,1,42,3,138.62217251393713,1
50.65345434772987,68.31549929313596,1,41,4,118.96895364086583,0
61.9121085367949,68.41436093318143,1,15,1,130.32646946997633,0
83.35353323627942,47.06031339217891,5,35,5,130.41384662845832,0
37.00190072959076,55.6036296596163,2,49,6,92.60553038920706,0
71.12979217221006,67.65531578587571,3,8,3,138.78510795808577,1
75.16812979296361,73.5779015918863,4,15,5,148.7460313848499,1
72.6962813014594,63.81737927430109,1,12,4,136.51366057576047,1
74.46217526832166,36.014132822673176,1,42,6,110.47630809099483,0
86.05054955187786,59.43095092476724,2,28,6,145.4815004766451,1
93.56204884359511,50.06699901319393,2,36,6,143.62904785678904,1
55.82346363642072,84.04238451035924,2,3,1,139.86584814677997,1
64.5015501403331,76.03341312274233,1,22,4,140.53496326307544,1
78.03734096583909,62.701281910662885,1,23,2,140.73862287650198,1
78.24664665720738,66.38968303431008,1,43,2,144.63632969151746,1
76.99912852913076,54.6345331479704,1,28,4,131.63366167710114,0
64.41039068558553,85.40914952737741,2,5,5,149.81954021296292,1
48.63550354677203,74.80577663807594,2,42,4,123.44128018484797,0
81.09467071649019,65.23365620624814,2,34,3,146.3283269227383,1
81.14010707897897,56.15979387284849,4,22,1,137.29990095182745,1
46.51215027847236,67.04339916982542,0,4,1,113.55554944829778,0
72.380282719892,81.74667470268135,2,59,2,154.12695742257335,1
77.2816646563229,53.01679369690975,3,18,3,130.29845835323266,0
80.45870878436085,61.03692057915799,5,9,3,141.49562936351884,1
63.010493804261394,80.80478306074076,6,34,4,143.81527686500215,1
96.32664159304888,74.71968460006389,1,4,5,171.04632619311275,1
84.65463119179412,49.80809567052777,3,3,2,134.4627268623219,1
72.24031830813819,66.18114966708856,0,16,2,138.42146797522673,1
72.2581497678206,60.10465299478287,2,11,2,132.36280276260345,0
78.82702252965878,61.85628326447076,0,53,6,140.68330579412952,1
42.25036175868813,72.30277283047643,3,25,3,114.55313458916456,0
66.84807210176729,72.77735107030686,1,53,1,139.62542317207414,1
62.362183933518935,74.89663416204107,2,10,5,137.25881809556,1
87.26174042803947,63.70519583479539,3,19,3,150.96693626283485,1
71.55107827600264,73.86498772920382,2,44,5,145.41606600520646,1
81.3647063777895,56.917499118406845,2,10,2,138.28220549619635,1
70.90695947324377,71.85392398714302,1,8,2,142.7608834603868,1
51.38365729779619,69.2751552496371,3,31,5,120.65881254743329,0
78.3033108514595,71.24125755169727,1,34,5,149.54456840315677,1
75.82343757689215,72.29892875432907,3,22,1,148.1223663312212,1
77.50000867670461,70.56992161901971,1,2,6,148.0699302957243,1
56.859893003989676,68.23569491882981,0,51,3,125.09558792281948,0
48.54046208550734,70.32776055821726,2,10,1,118.86822264372461,0
72.03901384712789,98.18890944040909,0,28,4,170.22792328753698,1
52.2421931868605,57.32130828687697,1,49,6,109.56350147373746,0
86.78701301706118,65.24524386277888,1,1,3,152.03225687984008,1
74.18703191020404,69.24252384266502,1,7,1,143.42955575286908,1
